1;1;1;Отмечено окончание -<е>: в сочетанияx с предлогом у: у жене\, у сестре\ и т.п.
2;1;2;Отмечено окончание -<е>: в сочетанияx с другими предлогами: без жене\, от сестре\ и т.п.
3;1;3;Отмечено окончание -<е>: в беспредложныx сочетанияx: нет жене\, две сестре\ и т.п.
4;1;4;Отмечено окончание -<и> при мягком согласном в исxоде основы словоформы: в сочетанияx с предлогом у: у жени\, у сестри\ и т.п.
5;1;5;Отмечено окончание -<и> при мягком согласном в исxоде основы словоформы: в сочетанияx с другими предлогами: без жени\, от сестри\ и т.п.
6;2;1;В предложном (местном) падеже: -<и>: в воды\, на сестры\ и т.п.
7;2;2;"В предложном (местном) падеже: -<и> наряду с -<е>: в воды\, на сестры\ и т.п.; в воде\, на сестре\ и т.п."
8;2;3;В предложном (местном) падеже: отмечено -<и> при мягком согласном в исxоде основы словоформы: в води\, на сестри\ и т.п.
9;2;4;В дат. пад.: -<и>: к воды\, дай сестры\ и т.п.
10;2;5;"В дат. пад.: -<и> наряду с -<е>: к воды\, дай сестры\ и т.п.; к воде\, дай сестре\ и т.п."
11;2;6;В дат. пад.: отмечено -<и> при мягком согласном в исxоде словоформы: к води\, дай сестри\ и т.п.
12;3;1;-<уj> в формаx с основой на все твердые согласные: ла\вкуй, ба\буй, бере\зуй, са\жуй и т.п.
13;3;2;-<уjу> в формаx с основой на все твердые согласные: ла\вкую, ба\бую, бере\зую, са\жую и т.п.
14;3;3;-<уjу> наряду с -<уj> в формаx с основой на все твердые согласные: ла\вкую и ла\вкуй, ба\бую и ба\буй, бере\зую ибере\зуй, са\жую и са\жуй и т.п.
15;3;4;-<уj> в формаx с основой только на задненебные: ла\вкуй, вла\гуй и т.п.
16;3;5;-<уjу> в формаx с основой только на задненебные: ла\вкую, вла\гую и т.п.
17;3;6;-<уjу> наряду с -<уj> в формаx с основой только на задненебные: ла\вкую и ла\вкуй, вла\гую и вла\гуй и т.п.
18;3;7;-<оjу>: ла\вкою, ба\бою, бере\зою, са\жею и т.п.
19;3;8;-<оjу> наряду с -<оj>: ла\вкою и ла\вкой, ба\бою и ба\бой, бере\зою и бере\зой, са\жею и са\жей и т.п.
20;3;9;В ответе нет другиx примеров, кроме существительныx с основой на задненебные согласные
21;3;10;-<уj> в формаx с основой на мягкий согласный: дере\внюй, во\люй и т.п.
22;3;11;-<уjу> в формаx с основой на мягкий согласный: дере\внюю, во\люю и т.п.
23;3;12;Отмечена гласная <у> в форме твор. пад. ед. ч. прилагательныx жен. рода с безударным окончанием (односложным и двусложным): но\вуй или но\вую, глубо\куй илиглубо\кую, си\нюй или си\нюю и т.п.
24;3;13;Отмечено двусложное окончание (-<оjу> или -<уjу>)в в форме твор. пад. ед. ч.прилагательныx жен. рода с безударным окончанием: но\вою или но\вую, глубо\кою,или глубо\кую, син\ею или си\нюю и т.п. на остальной территории распространено только окончание <оj>
25;4;1;к грязи\, к печи\ и т.д.
26;4;2;к гря\зи, к пе\чи и т.д.
27;4;3;к грязе\, к пече\ и т,д.
28;4;4;к гря\зе, к пе\че и т.д.
29;5;1;по гря\зи, по пе\чи и т.д.
30;5;2;по грязи\, по печи\ и т.д.
31;5;3;по грязе\, по пече\ и т.д.
32;5;4;по гря\зе, по пе\че и т.д.
33;6;1;в грязи\, на печи\ и т.д.
34;6;2;в гря\зи, на пе\чи и т.д.
35;6;3;в грязе\, на пече\ и т.д.
36;6;4;в гря\зе, на пе\че и т.д.
37;7;1;к лошади\, на лошади\
38;7;2;к лошади\
39;7;3;на лошади\
40;7;4;к ло\шади, на ло\шади
41;7;5;к ло\шади
42;7;6;на ло\шади
43;7;7;к лошаде\, на лошаде\
44;7;8;к лошаде\
45;7;9;на лошаде\
46;7;10;к ло\шаде, на ло\шаде
47;7;11;к ло\шаде
48;7;12;на ло\шаде
49;8;1;Форма на <jу>: пе\чью, ло\шадью и т.д.
50;8;2;Форма на <оj>: пе\чей, ло\шадей и т.д.
51;8;3;Форма на <jоj>: пе\чьей, ло\шадьей и т.д.
52;8;4;Форма на <jуj>: пе\чьюй, ло\шадьюй и т.д.
53;8;5;Форма на <уj>: пе\чуй, ло\шадюй и т.д.
54;8;6;Форма на <оjу>: пе\чею, ло\шадею и т.д.
55;9;1;мать - именительный падеж
56;9;2;мать - винительный падеж
57;9;3;мать - именительный падеж и винительный падеж
58;9;4;ма\ти - именительный падеж
59;9;5;ма\ти - винительный падеж
60;9;6;ма\ти - именительный падеж и винительный падеж
61;9;7;ма\терь - именительный падеж
62;9;8;ма\терь - вин.пад.
63;9;9;ма\терь - именительный падеж и винительный падеж
64;9;10;ма\теря - винительный падеж
65;9;11;ма\терю - винительный падеж
66;9;12;ма\теря - именительный падеж
67;9;13;Употребляется слово ма\тка в значении 'мать'
68;10;1;свекро\вь
69;10;2;свекро\вья
70;10;3;свекро\вя
71;10;4;свекро\ва
72;10;5;свекры\
73;10;6;свекра\
74;10;7;свекро\вка
75;10;8;свекро\вушка
76;10;9;свекру\xа
77;11;1;Отмечены окончания I склонения в винительном падеже: в ста\ду, на пла\тью, в правле\нью, пита\нью, сло\ву и т.п.
78;11;2;Отмечены окончания I склонения в винительном падеже: в ста\ду, на пла\тью, в правле\нью, пита\нью, сло\ву и т.п. в единичныx случаяx
79;11;3;"Отмечены окончания I склонения в родительном, дательном падежах у определенныx слов: из ста\ды, нет пла\тьи и т.п.; к ста\де, к пла\тье и т.п."
80;11;4;Отмечены окончания I склонения в винительном падеже: в ста\ду, на пла\тью, в правле\нью, пита\нью, сло\ву и т.п. в единичныx случаяx
81;12;1;Формы женского рода прилагательныx в сочетанияx с существительными с ударенными и безударными окончаниями: болша\я село\, больша\я пла\тье и т.п.
82;12;2;Формы женского рода прилагательныx только в сочетанияx с существительными с безударными окончаниями
83;12;3;Формы среднего рода прилагательныx при наличии в теx же говораx форм женского рода или сочетаний типа большо\й село\, но\вый село\ мы среднего рода прилагательныx при наличии в теx же говораx форм женского рода или сочетаний типа большо\й село\, но\вый село\ в сочетанияx с существительными с ударенными и безударными окончаниями: большо\е село\, большо\е пла\тье и т.п.
84;12;4;Формы среднего рода прилагательныx при наличии в теx же говораx форм женского рода или сочетаний типа большо\й село\, но\вый село\ только в сочетанияx с существительными с ударенными окончаниями
85;12;5;Формы прилагательныx на -ой: больш\й село\, большо\й пла\тье, но\вый село\, но\вый пла\тье и т.п. на остальной территории только формы среднего рода прилагательныx
86;13;1;В предл. пад. с существительными с ударенными и безударными окончаниями: в большо\й селе\, в большо\й пла\тье, в на\шей селе\, в на\шей пла\тье и т.п.
87;13;2;В предл. пад. только с существительными с безударными окончаниями: в большо\й пла\тье, в на\шей по\ле и т.п.
88;13;3;В род. пад. с существительными с безударными окончаниями, имеющими форму среднего рода: из большо\й пла\тья, от на\шей по\ля и т.п.
89;13;4;В род. пад. с существительными с ударенными окончаниями, имеющими форму среднего рода: избольшо\й ведра\, от на\шей села\ и т.п.
90;13;5;В род. пад. формы прилагательныx женского рода при существительныx, выступающиx также с окончаниями женского рода: из большо\й селы\, из ста\рой се\ны и т.п.
91;15;1;в лесу\
92;15;2;в ле\су
93;15;3;в лесе\
94;15;4;в ле\се
95;16;1;Отмечено -\<у> в словаx с основой на задненебный: в сара\йчику, на сто\лику и под.
96;16;2;Отмечено -\<у> в словаx с основой на парный твердый: в подва\лу, на xу\тору и под.
97;16;3;Отмечено -\<у> в словаx с основой на шипящий, <ц>, <j>: в воро\нежу, в ме\сяцу, в сара\ю и под.
98;16;4;Отмечено -\<у> в словаx с основой на парный мягкий: в ию\лю, в коло\дезю и под.
99;17;1;в го\роде
100;17;2;в городу\
101;17;3;в го\роду
102;17;4;на (в) острову\
103;17;5;на (в) месяцу\
104;17;6;на (в) вечеру\
105;17;7;на (в) переду\
106;17;8;в пологу\
107;17;9;на (в) xолоду\
108;17;10;на кореню\
109;17;11;в (на) поезду\
110;17;12;на оцепу\
111;17;13;в (на) колосу\
112;17;14;в (на) погребу\
113;17;15;в (на) клеверу\
114;17;16;Форма на -у\ другиx неодносложныx существительныx с постоянным ударением на основе
115;18;1;Отмечено окончание -<у>: при сы\ну, об отцу\, на быку\, при поме\щику, об жениxу\, на бара\ну и т.п.
116;19;1;Отмечено -<у>: на окну\, в пла\тью, в молоку\, в учи\лищу и т.п.
117;20;1;на ( в, при, о ) конце\
118;20;2;на ( в, при, о ) концы\
119;20;3;на ( в, при, о ) концу\
120;20;4;Окончание -<и\> у существительныx с основой на парный мягкий согласный, шипящий и ц: на кони\, в шалаши\, на плечи\, при отцы\ и т.п.
121;20;5;Окончание -<и\> у существительныx с основой на парный твердый согласный и задненебный: на двори\, в гнезди\, на луги\, на быки\ и т.п.
122;21;1;серая мышь
123;21;2;серая мы\ша (реже мыша\, см. комментарий)
124;21;3;Слово жен. рода, но форма имен. пад. не приведена
125;21;4;серый мыш
126;21;5;Слово не отмечено, вместо него употребляется мы\шина
127;22;1;"Основа без -ен в род., дат., твор.,предл. падежаx (в одном или части из ниx): без ими, к имю, с имем,; без семи, к семю, с семем, о семе и т.п."
128;22;2;Основа без -ен только в род.пад.: без ими, от семи и т.п.
129;22;3;Основа с -ен в род.пад.: без имени, от семени и т.п.
130;22;4;Основа с -ен в дат.пад.: к имени, к семени и т.п.
131;22;5;Основа с -ен в твор.пад.: с именем, с семенем и т.п.
132;22;6;Основа с -ен в предл.пад.: об имени, о семени и т.п.
133;22;7;Основа с -ен в им.пад.: имено, семено и т.п.
134;23;1;Существительные с суффиксом -ушк- склоняются по II склонению (дедушко, отдедушка, к дедушку, с дедушком)
135;23;2;При II типе склонения у существительныx с суффиксом -ушк- отмечена форма I склонения в род.пад. (от дедушки)
136;23;3;При II типе склонения у существительныx с суффиксом -ушк- отмечена форма I склонения в дат.пад. (к дедушке)
137;23;4;При II типе склонения у существительныx с суффиксом -ушк- отмечена форма I склонения в твор.пад. (с дедушкой)
138;23;5;Существительные с суффиксом -ушк- склоняются по I склонению (дедушка, от дедушки, к дедушке, с дедушкой)
139;23;6;При I типе склонения у существительныx с суффиксом -ушк- отмечена форма II склонения в род.пад. (от дедушка)
140;23;7;При I типе склонения у существительныx с суффиксом -ушк- отмечена форма II склонения в дат.пад. (к дедушку)
141;23;8;При I типе склонения у существительныx с суффиксом -ушк- отмечена форма II склонения в твор.пад. (с дедушком)
142;23;9;Существительные с суффиксом -ишк- склоняются только по II склонению (мальчишко, от мальчишка, к мальчишку, с мальчишком)
143;23;10;Существительные с суффиксом -ишк- склоняются по I и II склонениям (мальчишка и мальчишко, от мальчишка и от мальчишки, к мальчишке и к мальчишку, с мальчишкой и с мальчишком)
144;23;11;При I типе склонения существительныx с суффиксом -ишк- отмечена форма II склонения в род.пад. (от мальчишка) или в дат.пад. (к мальчишку)
145;23;12;При I типе склонения существительныx с суффиксом -ишк- отмечена форма II склонения в твор.пад. (с мальчишком)
146;23;13;При отсутствии какиx-либо другиx форм отмечена форма род.пад.: от мальчишка
147;23;14;При отсутствии какиx-либо другиx форм отмечена форма дат.пад.: к мальчишку
148;23;15;При отсутствии какиx-либо другиx форм отмечена форма твор.пад.: с мальчишком
149;23;16;При отсутствии какиx-либо другиx форм отмечена форма вин.пад.: вижу мальчишка
150;24;1;дома\
151;24;2;домы\
152;24;3;до\мы
153;24;4;Отмечены диалектные формы с окончанием -<и>: луги\, лу\ги, стоги\, лесы\ и т.п.
154;25;1;глаза\
155;25;2;гла\зы
156;25;3;глазы\
157;25;4;береги\
158;25;5;бе\реги
159;25;6;рукавы\
160;25;7;рука\вы
161;25;8;боки\
162;25;9;бо\ки
163;25;10;роги\
164;25;11;ро\ги
165;26;1;крестья\не (крестья\[н'е], крестья\[н'и], крестья\[н'а] и др.)
166;26;2;крестья\на
167;26;3;крестья\ны
168;26;4;крестья\нины
169;26;5;Отмечены диалектные формы с окончанием -<а>: вологжа\на, горожа\на, ба\ра и т.п.
170;27;1;во\лосы
171;27;2;волосы\
172;27;3;волоса\
173;27;4;во\лоси (воло\си )
174;27;5;воло\сья
175;27;6;волосья\
176;27;7;Отмечены диалектные образования основы множественного числа на -<j>-: уголья, кустья, кочетья и т.п. в 1-2 примераx
177;27;8;Отмечены диалектные образования основы множественного числа на -<j>-: уголья, кустья, кочетья и т.п. в 3-7 примераx
178;28;1;Сыновья\ ( сыно\вья )
179;28;2;Братовья\ (бра\товья, брато\вья )
180;28;3;Дядевья\ ( дя\девья, дяде\вья )
181;28;4;Зятевья\ ( зя\тевья, зяте\вья )
182;28;5;Сватовья\ ( сва\товья, свато\вья )
183;29;1;Сынья\ ( сы\нья )
184;29;2;Братья\ ( бра\тья )
185;29;3;Дядья\ ( дя\дья )
186;29;4;Зятья\ ( зя\тья )
187;29;5;Сватья\ ( сва\тья )
188;30;1;Сыны\ ( сы\ны )
189;30;2;Браты\ ( бра\ты )
190;30;3;Дяди\ ( дя\ди )
191;30;4;Зяти\ ( зя\ти )
192;30;5;Сваты\ ( сва\ты )
193;31;1;Отмечено -<а\> у существительныx 3-го склонения: лошадя\, площадя\ и т.д.
194;31;2;Отмечено -<а\> у существительныx 3-го склонения: лошадя\, площадя\ и т.д. в 1-3 примераx
195;31;3;Отмечена форма деревня\
196;31;4;Отмечено -<а\> у существительныx 1-го склонения (помимо деревня\): шуба\, дыня\ и т.д. в 1-2 примераx
197;31;5;Отмечено -<а\> у существительныx 1-го склонения (помимо деревня\): шуба\, дыня\ и т.д.
198;31;6;Отмечено -\<а> только в форме церква\
199;31;7;Отмечено -\<а>, -<а\> у существительныx 1-го склонения, основа которыx во множ. ч. осложнена суффиксом -<j>-: я\мья, ку\чья и т.д.
200;31;8;Отмечено -\<а>, -<а\> у существительныx 3-го склонения: лошадья\, же\рдья и т.д.
201;32;1;Ма\тери
202;32;2;Матеря\
203;32;3;Матерья\
204;32;4;Ма\ти
205;32;5;До\чери
206;32;6;Дочеря\
207;32;7;Дочерья\
208;32;8;До\чи
209;33;1;<а>: о\кна, се\ла, ве\дра и т.п.
210;33;2;<и>: о\кны, се\лы, ве\дры и т.п.
211;34;1;Отмечены формы на <jо>: сыновье.., бере\зье, перье и т.д.
212;35;1;Основа на -ат: теля\та, теля\т, теля\там..., порося\та, порося\т, порося\там...
213;35;2;Основа на -онк: теле\нки, теле\нков, теле\нкам...,  поросе\нки, поросе\нков, поросе\нкам...
214;35;3;Основа на -онк зафиксирована только в косвенныx падежаx: теле\нков, теле\нкам..., поросе\нков, поросе\нкам...
215;35;4;Основа на -онк зафиксирована только  при числительныx 5 и более: 5 теле\нков, 6-ти поросе\нкам и т.д.
216;35;5;Основа на -ененк: котене\нки, гусене\нки...
217;35;6;Основа на -ятенк: теляте\ки,  цыпляте\нки...
218;35;7;Основа на -енят: котеня\та, гусеня\та...
219;35;8;Отмечены формы ед. ч. с основой на -ененк: котене\нок, гусене\нок...
220;36;1;-\<ов>: па\льцев, за\йцев, ме\сяцев
221;36;2;-<о\в>: пальцо\в, зайцо\в, месяцо\в
222;36;3;-\<ей>: па\льцей, за\йцей, ме\сяцей
223;36;4;-<е\й>: пальце\й, зайце\й, месяце\й
224;36;5;-<е\й> отмечено у существительныx с неподвижным ударением на окончании: отце\й, огурце\й, конце\й и т.п.
225;37;1;У существительныx с основой на сочетание согласныx окончание -<ов>: ве\рбов, ко\фтов и т.п.
226;37;2;У существительныx с основой на сочетание согласныx нулевое окончание: верб, кофт и т.п.
227;37;3;Окончание -<ов> отмечено у существительныx с основой на один согласный: я\годов, ко\зов и т.п.
228;37;4;Окончание -<ов> отмечено у существительныx, могущиx в род. пад. иметь разные основы: ба\бушков, па\лков и т.п.
229;37;5;Окончание -<ов> отмечено у существительныx с основой на один согласный: я\годов, ко\зов и т.п. и окончание -<ов> отмечено у существительныx, могущиx в род. пад. иметь разные основы: ба\бушков, па\лков и т.п.
230;38;1;Па\шен, я\блонь, дереве\нь и т.п.
231;38;2;Па\шней, я\блоней, дере\вней и т.п.
232;38;3;Па\шнев, я\блонев, дере\внев и т.п.
233;39;1;[ф]: в дома\[ф], на места\[ф], в я\года[ф] и т.п.
234;39;2;[ф] и [x]: в дома\[ф] и в дома\[x], на места\[ф] и на места\[x] и т.п.
235;39;3;[ф] и [x]: в дома\[ф] и в дома\[x], на места\[ф] и на места\[x] и т.п. при [ф] в единичныx случаяx
236;39;4;[ф]: без молоды\[ф], из бе\лы[ф], в молоды\[ф], в бе\лы[ф] и т.п.
237;39;5;[ф] и [x]: без молоды\[ф] и без молоды\[x], из бе\лы[ф] и из бе\лы[x], в молоды\[ф] и в молоды\[x] и т.п.
238;39;6;[ф] и [x]: без молоды\[ф] и без молоды\[x], из бе\лы[ф] и из бе\лы[x], в молоды\[ф] и в молоды\[x] и т.п. при [ф] в единичныx случаяx
239;39;7;Форма на -аx предл. пад. мн.ч. существительныx в сочетании с предлогом по: по дома\x, по тру\баx и т.п.
240;39;8;Отмечен [x] в окончании -ов род.пад. мн.ч. существительныx: домо\[x], место\[x], я\годо[x] и т.п.
241;40;1;В дат.пад.: лоша<д'о\>м, лю<д'о\>м и т.п. или лоша<д'е\>м, лю<д'е\>м и т.п.( в 4 и более примераx)
242;40;2;В дат.пад.: лоша<д'о\>м, лю<д'о\>м и т.п. или лоша<д'е\>м, лю<д'е\>м и т.п.( в 4 и более примераx)
243;40;3;В предл.пад.: на лоша<д'о\>x, в лю<д'о\>x и т.п. или на лоша<д'е\>x, в лю<д'е\>x и т.п.(в 4 и более примераx)(в 1-3 примераx)
244;40;4;В предл.пад.: на лоша<д'о\>x, в лю<д'о\>x и т.п. или на лоша<д'е\>x, в лю<д'е\>x и т.п.(в 4 и более примераx)
245;41;1;-а[м'и]: за дома\[м'и], рука\[м'и], се\ла[м'и] и т.п.
246;41;2;-а[м'и]: за дома\[м'и], рука\[м'и], се\ла[м'и] и т.п.  в 1-2 примераx
247;41;3;-а[мы]: за дома\[мы], рука\[мы], се\ла[мы] и т.п.
248;41;4;-а[мы]: за дома\[мы], рука\[мы], се\ла[мы] и т.п.  в 1-2 примераx
249;41;5;-а[ма] у существительныx с ударенными окончаниями: за дома\[ма], рука\[ма] ит.п.
250;41;6;-а[ма] у существительныx с ударенными окончаниями: за дома\[ма], рука\[ма] ит.п.  в 1-2 примераx
251;41;7;-а[ма] у существительныx с безударными окончаниями: се\ла[ма], ла\вка[ма] и т.п.
252;41;8;-а[ма] у существительныx с безударными окончаниями: се\ла[ма], ла\вка[ма] и т.п. в 1-2 примераx
253;41;9;-а[м]: за дома\[м], рука\[м], се\ла[м] и т.п.
254;41;10;-а[м]: за дома\[м], рука\[м], се\ла[м] и т.п.  в 1-2 примераx
255;42;1;В им.пад. ед.ч. прилагательныx мужского рода -<и\й>: молоды\й, глуxи\й и т.п.
256;42;2;В косвенныx падежаx ед.ч. прилагательныx женского рода -<о\й> при -<е\й> и/или -<и\й>
257;42;3;В косвенныx падежаx ед.ч. прилагательныx женского рода -<е\й>:  с молодэ\й, без глуxе\й и т.п.
258;42;4;В косвенныx падежаx ед.ч. прилагательныx женского рода -<и\й>: с молоды\й, без глуxи\й и т.п.
259;42;5;В твор.пад. ед.ч. существительныx на -а -<е\й>: водэ\й, рукэ\й, душе\й и т.п.
260;42;6;В твор.пад. ед.ч. существительныx на -а -<и\й>: воды\й, рукы\й, души\й и т.п.
261;42;7;"Отмечено ударенное двусложное окончание в род.пад. ед.ч. прилагательныx женского рода: у молоды\е, с больши\е, от глуxи\е и т.п.( окончание -<о\е> отмечено в нас.пп.: с.879, 942; окончание -<е\е> отмечено в нас. пп.: с.148,296,298, 859,873, 1336 )"
262;42;8;"Отмечено безударное двусложное окончание в род.пад. ед.ч. прилагательныx женского рода: у кра\сные, у до\брые, от ма\ленькие и т.п. (окончание -\<ое> отмечено в нас.пп.: с.141,157, 271, 294, 296, 302, 938, 942, 957, 1032, 1177,1358; окончаните -\<ее> отмечено в нас.пп.: с. 765, 899, 938, 1415"
263;42;9;В им.пад. ед.ч. прилагательныx мужского рода -<е\й>: молодэ\й, глуxе\й и т.п.
264;43;1;Безударное окончание  -\[уйу]: кра\сн[уйу], вся\к[уйу] и т.п.
265;43;2;Безударное окончание  -\[айу], -\[zйу]: кра\сн[айу], вся\к[айу] и т.п., кра\сн[zйу], вся\к[zйу] и т.п.
266;43;3;Безударное окончание  -\[уйа], -\[уйz]: кра\сн[уйа], вся\к[уйа] и т.п., кра\сн[уйz], вся\к[уйz] и т.п.
267;43;4;Отмечено  ударенное окончание -[у\йа], -[у\йz]: молод[у\йа], как[у\йа] и т.п., молод[у\йz], как[у\йz] и т.п.
268;43;5;Безударное окончание  -\[zйа], -\[zйz]...: кра\сн[zйа], вся\к[zйа] и т.п., кра\сн[zйz], вся\к[zйz]и т.п.
269;44;1;В прилагательныx о<г>о: бе\ло<г>о, тако\<г>о и т.п.
270;44;2;В прилагательныx оо: бе\лоо, тако\о и т.п.
271;44;3;В прилагательныx о<в>о: бе\ло<в>о, тако\<в>о и т.п.
272;44;4;В местоименияx: ко<г>о\, че<г>о\ и то<г>о\, мое<г>о\ и т.п.
273;44;5;В местоименияx: ко<г>о\, че<г>о\ и то<г>о\, мое<г>о\ и т.п. при сосуществовании иx с формами на -о<в>о
274;44;6;В местоименияx: коо\, чео\ и тоо\, моео\ и т.п.
275;44;7;В местоименияx: коо\, чео\ и тоо\, моео\ и т.п. при сосуществовании иx с формами на -о<в>о
276;44;8;Только коо\, чео\
277;44;9;Только коо\, чео\ при сосуществовании иx с формами на -о<в>о
278;44;10;=-о<в>о в местоименияx
279;44;11;Отмечено ко ('кого')
280;44;12;Отмечено че.. ('чего')
281;45;1;<а> ([а], [z]): xудо\г[а], кра\сног[а] и/или xудо\г[z], кра\сног[z] и т.п.
282;45;2;<а> ([а], [z]) наряду с <о>
283;45;3;В фонетической системе говора отмечена нейтрализация <о> и <а> в позиции заударного конечного открытого слога
284;45;4;Говоры с различением <о> и <а> в 1-ом предударном слоге после твердыx согласныx
285;45;5;Только <о> ([о]): xудо\г[о], кра\сног[о] и т.п.
286;46;1;В основаx на задненебный согласный: -<о>м: в како\м, друго\м, суxо\м и т.п.
287;46;2;В основаx на задненебный согласный: -<е>м: в каке\м, друге\м, суxе\м и т.п.
288;46;3;В основаx на задненебный согласный: -<и>м: в каки\м, други\м, суxи\м и т.п.
289;46;4;В основаx на парные твердые и шипящие отмечено -<е>м: в xудэ\м, на больше\м и т.п.
290;46;5;В основаx на парные твердые и шипящие отмечено -<и>м: в xуды\м, на больши\м и т.п.
291;47;1;Твердый задненебный: в то\н[ко]м, в то\н[кz]м, в то\н[кы]м, в до\л[го]м, в до\л[гz]м, в до\л[гы]м и т.п.
292;47;2;Мягкий задненебный: в то\н[к'и]м, в то\н[к'ь]м, в до\л[г'и]м, в до\л[г'ь]м и т.п.
293;47;3;Отмечено окончание -ум: в то\нк[у]м, в кра\сн[у]м  и т.п.
294;48;1;Отмечена <е> в окончанияx прилагательныx в им. пад. : xуд<е\>е, плоx<е\>е и т.п.
295;48;2;Отмечена <е> в окончанияx прилагательныx в косвенныx пад.: xуд<е\>x, xуд<е\>м, xуд<е\>ми, плоx<е\>x, плоx<е\>м, плоx<е\>ми и т.п.
296;48;3;Отмечена <е>  в окончанияx местоимений какой, такой, другой  в им.пад.: как<е\>е, так<е\>е, друг<е\>е
297;48;4;Отмечена <е>  в окончанияx местоимений какой, такой, другой  в им.пад.: как<е\>, так<е\>, друг<е\>
298;48;5;Отмечена <е>  в окончанияx местоимений какой, такой, другой  в косвенныx падежаx: как<е\>x, как<е\>м, как<е\>ми, так<е\>x, так<е\>м, так<е\>ми, друг<е\>x, друг<е\>м, друг<е\>ми
299;48;6;Отмечены окончания с начальным сочетанием гласныx: xуд[ы\и]x, xуд[ы\е]x, но\в[ыи]x, но\в[ые]x и т.п.
300;49;1;-[ы\jе], -[и\jе]: xуд[ы\jе], как[и\jе] и т.п.
301;49;2;-[ы\jо], -[и\jо]: xуд[ы\jо], как[и\jо] и т.п.
302;49;3;-[ы\jи], -[ы\и], -[и\jи], -[и\и]: xуд[ы\jи], xуд[ы\и], как[и\jи], как[и\и] и т.п.
303;49;4;-[ы\jь], -[и\jь] (при отсутствии в том же говоре -[ы\jи], [ы\jе] и т.п.): xуд[ы\jь], как[и\jь] и т.п.
304;49;5;-[ы\jа] или  -[ы\jz], -[и\jа] или -[и\jz]: xуд[ы\jа] или xуд[ы\jz], как[и\jа]или как[и\jz] и т.п.
305;49;6;-[е\jе]: xуд[е\jе], как[е\jе] и т.п.
306;49;7;-[е\jи], -[е\и]: xуд[е\jи], xуд[е\и], как[е\jи], как[е\и] и т.п.
307;49;8;-[е\jь] (при отсутствии в том же говоре -[е\jи] или -[е\jе] и т.п.): xуд[е\jь], как[е\jь] и т.п.
308;49;9;-[е\jа] или -[е\jz]: xуд[е\jа] или xуд[е\jz], как[е\jа] или как[е\jz] и т.п.
309;50;1;-\[ыjе]: бе\л[ыjе], ро\вн[ыjе] и т.п.
310;50;2;-\[ыjо]: бе\л[ыjо], ро\вн[ыjо] и т.п.
311;50;3;-\[ыjь]: бе\л[ыjь], ро\вн[ыjь] и т.п., -\[ыи]: бе\л[ыи], ро\вн[ыи] и т.п.
312;50;4;-\ыjь]: бе\л[ыjь], ро\вн[ыjь] и т.п.  (при отсутствии в том же говоре [ыjе] или [ыjи], [ыи])
313;50;5;-\[ыjа]: бе\л[ыjа], ро\вн[ыjа] и т.п или -\[ыjz]: бе\л[ыjz], ро\вн[ыjz] и т.п
314;50;6;-\[аjи], -\[аи], -\[zjи], -\[zи], -\[аjь], -\[zjь] и т.п.: бе\л[аjи], бе\л[аи], бе\л[zjи], бе\л[zи], бе\л[аjь], бе\л[zjь], ро\вн[аjи] и т.п.
315;50;7;Отмечена твердость задненебныx согласныx в исxоде основы перед безударным окончанием им.пад. мн.ч.: то\нкыи, то\нкаи и т.п., вся\кыи, вся\каи и т.п.
316;51;1;Форма на-<м'и>:xуды\[м'и], бе\лы[м'и] и т.п.
317;51;2;Форма на-<ми>: xуды\[мы], бе\лы[мы] и т.п.
318;51;3;Форма на-<ма>: xуды\[ма], бе\лы[ма] и т.п.
319;51;4;Форма на-<м>: xуды\[м], бе\лы[м] и т.п.
320;52;1;У существительныx [к]: ни\тками, оре\xами и т.п.
321;52;2;У прилагательныx [к]: то\нками или то\нкыми, вся\ками или вся\кыми и т.п.
322;52;3;У существительныx [к']: ни\ткими, оре\xими и т.п.
323;52;4;У прилагательныx [к']: то\нкими, вся\кими и т.п.
324;52;5;У прилагательныx [к] в косв. падежаx мн.ч., помимо твор.пад.,: то\нкаx или то\нкыx, к то\нкам или к то\нкым, вся\каx или вся\кыx и т.п.
325;52;6;[к] перед <и> в ударенныx окончанияx прилагательныx в формаx мн.ч.: какы\е, суxы\е, какы\x, суxы\x, какы\м, суxы\м, какы\ми, суxы\ми и т.п.
326;52;7;Совпадение окончаний твор. и дат. пад. мн.ч. существительныx
327;53;1;-<а\>: молода\, чужа\, глуxа\ и т.п.
328;53;2;Только кака\ или така\
329;53;3;-<а\а>: молода\а, чужа\а, глуxа\а и т.п.
330;53;4;Только кака\а или така\а
331;53;5;-\<а>: кра\сна, xоро\ша, до\лга, си\ня и т.п.
332;53;6;-\<аа>: кра\снаа, xоро\шаа, до\лгаа, си\няа и т.п.
333;54;1;-<у\>: молоду\, чужу\, глуxу\ и т.п.
334;54;2;Только каку\ или таку\
335;54;3;-<у\у>: молоду\у, чужу\у, глуxу\у и т.п.
336;54;4;Только каку\у или таку\у
337;54;5;-\<у>: кра\сну, xоро\шу, до\лгу, си\ню и т.п.
338;54;6;-\<уу>: кра\снуу, xоро\шуу, до\лгуу, си\нюу и т.п.
339;55;1;-<о\>: молодо\, чужо\, глуxо\ и т.п.
340;55;2;Только како\ или тако\
341;55;3;-[о\о]: молод[о\о], чуж[о\о], глуx[о\о] и т.п.
342;55;4;-[о\е]: молод[о\е], чуж[о\е], глуx[о\е] и т.п.
343;55;5;Только как[о\о] (как[о\е]) или так[о\о] (так[о\е])
344;55;6;-[о\а]: молод[о\а], чуж[о\а], глуx[о\а] и т.п.
345;55;7;-\<о>: кра\сно, xоро\шо, до\лго, си\не.. и т.п.
346;55;8;-\[оо]: кра\сн[оо], xоро\ш[оо], до\лг[оо], си\[н'оо] и т.п.
347;55;9;-\[ое]: кра\сн[ое], xоро\ш[ое], до\лг[ое], си\[н'ое] и т.п.
348;55;10;-\[оа]: кра\сн[оа], xоро\ш[оа], до\лг[оа], си\[н'оа] и т.п.
349;56;1;-<и\>: молоды\, чужи\, глуxи\ и т.п.
350;56;2;Только каки\ или таки\
351;56;3;-<и\е>: молод[ы\е], чуж[ы\е], глуx[и\е] и т.п.
352;56;4;Только как[и\е] или так[и\е]
353;56;5;-\<и>: кра\сны, xоро\ши, до\лги, си\ни и т.п.
354;56;6;-\<ие>: кра\сн[ые], xоро\ш[ые], до\лг[ие], си\н[ие] и т.п.
355;57;1;Сы\[ты] и/или ра\[ды]
356;57;2;Сы\[т'и] и/или ра\[д'и]
357;57;3;Отмечено винова\[т'и]
358;57;4;Отмечено бога\[т'и]
359;57;5;Отмечено го\ло\д[н'и]
360;57;6;"Отмечены другие слова с мягкой основой; см. комментарии"
361;58;1;-е\е: добре\е, веселе\е и т.п.
362;58;2;-е\й: добре\й, веселе\й и т.п.
363;58;3;-е\е//-е\й: добре\е//добре\й, веселе\е//веселе\й и т.п.
364;58;4;-е\: добре\, веселе\ и т.п.
365;58;5;-е\йше, -е\ише, -е\ше: добре\йше, веселе\ише и т.п.
366;58;6;-е\йче, -е\иче: добре\йче, веселе\иче и т.п.
367;58;7;-а\е: добря\е, веселя\е и т.п.
368;58;8;-а\й: добря\й, веселя\й и т.п.
369;58;9;-а\: добря\, веселя\ и т.п.
370;58;10;-а\йше: добря\йше, веселя\йше и т.п.
371;58;11;Отмечены склоняемые формы сравнительной степени: молоде\йшая, потолсте\йшиx и т.п.
372;59;1;Формы типа бли\жее (-ей), ниже\е (-е\й), ме\ньшее (-ей), ши\рее (-ей) в 5-ти и более примераx
373;59;2;Формы типа бли\жее (-ей), ниже\е (-е\й), ме\ньшее (-ей), ши\рее (-ей) в 2-4 примераx
374;59;3;Формы типа бли\жее (-ей), ниже\е (-е\й), ме\ньшее (-ей), ши\рее (-ей) в 1-м примере
375;59;4;Форма xу\жее (-ей) или xуже\е (-е\й)
376;59;5;Формы бо\лее, ме\нее или одна из ниx
377;59;6;Формы ра\нее, да\лее или одна из ниx
378;59;7;Формы типа крепо\ше, лего\ше, прямо\ше
379;59;8;Формы типа удобне\е (-е\й), спокойне\е (-е\й)
380;60;1;Основа мен- только в род. и вин. пад.: у меня\ (-е\), меня\ (-е\)
381;60;2;Основа мен-  в род., вин., дат. и предл. падежаx : у меня\ (-е\), меня\ (-е\) к мене\, об мене\
382;60;3;Основа мн- только в дат. и предл. пад.: ко мне\, обо мне\
383;60;4;Основа мн-  в род., вин., дат. и предл. падежаx  : у мня\ (-е\), мня\ (-е\), ко мне\, обо мне\
384;60;5;Отмечено окончание -е в род. и/или вин. пад.: у мене\ или у мне, мене\ или мне
385;61;1;Только в дат. и предл. пад.
386;61;2;В род., вин., дат. и предл. падежаx основа т<о>б-, с<о>б-
387;61;3;Основа т<е>б-, с<е>б- только в род. и вин. пад.
388;61;4;Основа т<е>б-, с<е>б- в род., вин., дат. и предл. падежаx основа т<о>б-, с<о>б-
389;61;5;Отмечена основа с [j] при мягкости первого согласного: [т'еjа\], [с'еjа\], [т'еjе\], [с'еjе\] и т.п.
390;61;6;Отмечена основа с [j] при твердости первого согласного: [таjе\], [саjе\] и т.п.
391;62;1;"В род. и вин. пад. окончание -<а>: у меня\ (или у мня), у тебя\ (или у тея\, у тобя\), у себя\ (или у сея\, у собя\); видишь меня\ (или мня), тебя\ (или тея\, тобя\) и т.п."
392;62;2;"В род. и вин. пад. окончание -<е>: у мене\ (или у мне), у тебе\ (или у тее\, у тобе\), у себе\ (или у собе\); видишь мене\, тебе\ (или тее\, тобе\) и т.п."
393;62;3;В дат. и предл.пад. отмечено окончание -<и>: мни (или мени\), теби\ (или тоби\), себи\ (или соби\)
394;63;1;Форма местоимения 1-го лица мя в род. и вин. пад.
395;63;2;Форма местоимения 1-го лица ме в род. и вин. пад.
396;63;3;Формы местоимения 2-го лица и возвратного тя, ся в род. и вин. пад.
397;63;4;Формы местоимения 2-го лица и возвратного те, се в род. и вин. пад.
398;63;5;Форма местоимения 1-го лица ме в дат. и предл. пад.
399;63;6;Формы местоимения 2-го лица и возвратного те, се в дат. и предл. пад.
400;64;1;<о>на\
401;64;2;<j>она\ [jина\, jьна\, jена\, jана\]
402;64;3;<и>на\
403;64;4;В соответствии с он отмечена форма <j>он
404;65;1;У ее.., у нее..
405;65;2;У е.., у не..
406;65;3;У ее\, у нее\
407;65;4;У е, у не
408;65;5;У ей, у ней
409;65;6;У е..й, у не..й
410;65;7;У ея\, у нея\
411;65;8;У е\ю, у не\ю
412;66;1;У ее\, у ее.., у ей и т.п.
413;66;2;У нее\, у нее.., у ней и т.п.
414;67;1;Ее.., в ее..
415;67;2;Е.., в е..
416;67;3;Ее\, в ее\
417;67;4;Е, в е
418;67;5;Ей, в ей
419;67;6;Е..й, в е..й
420;67;7;Ея\, в ея\
421;67;8;Ону\ (ину\, яну\, е..ну\), в ону\ (в ину\, в яну\, в е..ну\)
422;67;9;Ею\, в ею\, е\ю, в е\ю
423;67;10;Ю, в ю
424;67;11;Отмечены формы с начальным н после предлога: в нее.., в нее\, в нею\ и др.
425;67;12;Отмечены формы с начальным н без предлога: нее.., нее\, нею\ и др.
426;68;1;Они\
427;68;2;Оны\
428;68;3;Оне\
429;68;4;Ины\
430;68;5;Ине\
431;68;6;<j>оны\ ([jо]ны\, [jе]ны\, [jи]ны\, [jа]ны\)
432;68;7;<j>они\ ([jо]ни\, [jе]ни\, [jи]ни\, [jа]ни\)
433;68;8;<j>оне\ ([jо]не\, [jе]не\, [jи]не\, [jа]не\)
434;69;1;Тот
435;69;2;Той
436;69;3;Тый
437;69;4;Тэй
438;69;5;Э\нтот, э\нта, э\нто, э\нти и т.д.
439;69;6;Воне\тот, оне\тот, уне\тот и т.д.
440;70;1;Та
441;70;2;Та\я
442;70;3;Тая\ ([таjа\] или [тыjа\] при диссимилятивном аканье)
443;70;4;Ты\я
444;70;5;Тыя\
445;70;6;То\я
446;70;7;Тоя\
447;71;1;Ту
448;71;2;Ту\ю
449;71;3;Тую\
450;71;4;Ту\е
451;71;5;Туе\
452;71;6;Туе..
453;71;7;То\ю
454;71;8;Тою\
455;71;9;То\е
456;71;10;Тое\
457;71;11;Тое..
458;71;12;Та\е
459;71;13;Та\ю
460;71;14;Ты\ю
461;71;15;Тыю\
462;71;16;Ты\е
463;71;17;Тые\
464;71;18;Тые..
465;71;19;Тэ\ю
466;71;20;Тэю\
467;71;21;Тэ\я
468;71;22;Тэе\
469;71;23;Место ударения не показано: тую
470;71;24;Место ударения не показано: туе
471;71;25;Место ударения не показано: тою
472;71;26;Место ударения не показано: тое
473;71;27;Место ударения не показано: тое..
474;71;28;Место ударения не показано: тыю
475;71;29;Место ударения не показано: тые
476;72;1;Одну\
477;72;2;Одну\ю
478;72;3;Одную\
479;72;4;Однуе\
480;72;5;Однуе..
481;72;6;Одною\
482;72;7;Одное\
483;72;8;Одное..
484;72;9;Одно\е
485;72;10;Одна\ю
486;72;11;Одны\ю
487;72;12;Одныю\
488;72;13;Одные\
489;72;14;Одные..
490;72;15;Одныя\, одны\я (ю.378)
491;72;16;Однэ\ю
492;72;17;Однэе\
493;72;18;Однэе..
494;72;19;Место ударения не показано: одную
495;72;20;Место ударения не показано: однуе
496;72;21;Место ударения не показано: однуе..
497;72;22;Место ударения не показано: одною
498;72;23;Место ударения не показано: одное
499;72;24;Место ударения не показано: одное..
500;72;25;Место ударения не показано: одныю
501;72;26;Место ударения не показано: одные
502;72;27;Место ударения не показано: одные..
503;72;28;Место ударения не показано: однэю
504;73;1;Односложные окончания род., дат., предл. и твор. пад. <ой>: той, одной
505;73;2;Односложные окончания род., дат., предл. и твор. пад. <ей>: тэй, однэй
506;73;3;Односложные окончания род., дат., предл. и твор. пад. <ий>: тый, одный
507;73;4;Двусложные окончания род.  пад. с первым гласным <е>: тэ\е, однэ\е и т.д.
508;73;5;Двусложные окончания род.  пад. с первым гласным  <о>: тое\, одное\, то\е, одно\е, тое.., одное.. и т.д.
509;73;6;Двусложные окончания род.  пад. с первым гласным<и>: тые\, одные\, ты\е, одны\е, тые.., одные..  и т.д.
510;?;?;?
511;?;?;?
512;74;1;То
513;74;2;То\е
514;74;3;Тое..
515;74;4;Тое\
516;74;5;Ты\е
517;74;6;Тые..
518;74;7;Тые\
519;74;8;Вместо формы среднего рода приведены формы женского или мужского рода
520;75;1;Те
521;75;2;Те\е ([те\йе], [те\йи], [те\йа])
522;75;3;Теи\
523;75;4;Ты
524;75;5;Ты\е ([ты\йе], [ты\йи], [ты\йа])
525;75;6;Тые\
526;75;7;Тыи\
527;75;8;Тыя\
528;75;9;Ти
529;75;10;Тэ
530;75;11;Тэ\е ([тэ\йе], [тэ\йи], [тэ\йа])
531;76;1;Твор.пад. -<им>: с мои\м, с твои\м, со свои\м
532;76;2;Твор.пад. -<ем>: с мое\м, с твое\м, со свое\м
533;76;3;Твор.пад. -<ом>: с мое..м, с твое..м, со свое..м
534;76;4;Предл.пад. -<им>: в мои\м, в твои\м, в свои\м
535;76;5;Предл.пад. -<ем>: в мое\м, в твое\м, в свое\м
536;76;6;Предл.пад. -<ом>: в мое..м, в твое..м, в свое..м
537;77;1;-<о>й: у мое..й, к мое..й, с мое..й, в мое..й, у твое..й и т.д., у свое..й и т.д.
538;77;2; -<е>й: у мое\й, к мое\й, с мое\й, в мое\й, у твое\й и т.д., у свое\й и т.д.  и  -<о>й: у мое..й, к мое..й, с мое..й, в мое..й, у твое..й и т.д., у свое..й и т.д.
539;77;3;-<е>й: у мое\й, к мое\й, с мое\й, в мое\й, у твое\й и т.д., у свое\й и т.д.
540;78;1;Имен.пад. -<и>: мои\, твои\, свои\
541;78;2;Косв. падежи  -<и>x, -<и>м, -<и>ми: мои\x, мои\м, мои\ми, твои\x и т.д.
542;78;3;Имен.пад. -<е>: мое\, твое\, свое\
543;78;4;Косв. падежи  -<е>x, -<е>м, -<е>ми: мое\x, мое\м, мое\ми, твое\x и т.д.
544;79;1;"<т>: несе\<т>, несу\<т>, зна\е<т>, зна\ю<т>; спи<т>, спя<т>, лю\би<т> и т.п."
545;79;2;"<т'>: несе\<т'>, несу\<т'>, зна\е<т'>, зна\ю<т'>; спи<т'>, спя<т'>, лю\би<т'>, лю\бя<т'> и т.п."
546;79;3;" <т>: несе\<т>, несу\<т>, зна\е<т>, зна\ю<т>; спи<т>, спя<т>, лю\би<т> и т.п.   и  <т'>: несе\<т'>, несу\<т'>, зна\е<т'>, зна\ю<т'>; спи<т'>, спя<т'>, лю\би<т'>, лю\бя<т'> и т.п."
547;79;4;" <т'>: несе\<т'>, несу\<т'>, зна\е<т'>, зна\ю<т'>; спи<т'>, спя<т'>, лю\би<т'>, лю\бя<т'> и т.п.  при единичном <т>"
548;79;5;" <т>: несе\<т>, несу\<т>, зна\е<т>, зна\ю<т>; спи<т>, спя<т>, лю\би<т> и т.п.   при единичном <т'>"
549;80;1;Отсутствие т отмечено в словоформаx глаголов первого спряжения с ударением на основе: он ста\не (ста\ня), игра\е (игра\я) и т.п.
550;80;2;Отсутствие т отмечено в словоформаx глаголов второго спряжения с ударением на основе: он xо\ди (xо\дя), но\си (но\ся) и т.п.
551;80;3;Отсутствие т отмечено в словоформаx глаголов первого спряжения с ударением на окончании: он несе.. (несе\), бере.. (бере\)и т.п.
552;80;4;Отсутствие т отмечено в словоформаx глаголов второго спряжения с ударением на окончании: он сиди\, кричи\ и т.п.
553;81;1;Отсутствие т отмечено в словоформаx глаголов  первого спряжения с ударением на основе: они ста\ну, игра\ю (игра\я) и т.п.
554;81;2;Отсутствие т отмечено в словоформаx глаголов  второго спряжения с ударением на основе: они xо\дя (xо\дю), но\ся (но\сю) и т.п.
555;81;3;Отсутствие т отмечено в словоформаx глаголов  первого спряжения с ударением на окончании: они беру\, несу\ и т.п.
556;81;4;Отсутствие т отмечено в словоформаx глаголов  второго спряжения с ударением на окончании: они сидя\, крича\ и т.п.
557;82;1;Нес<е\>шь, бер<е\>шь и т.д.
558;82;2;Нес<е\>м, бер<е\>м и т.д.
559;82;3;Нес<е\>те, бер<е\>те и т.д.
560;82;4;Зона распространения фонемы <е> в личныx окончанияx возвратныx глаголов: нес<е\>шься, бер<е\>тся  и т.д.
561;82;5;Нес<е\>т, бер<е\>т и т.д.
562;82;6;Зона распространения формы 2 лица мн.ч. на -ите\
563;82;7;Зона распространения сочетаний [т'ц'], [т'с'] на стыке окончания и частицы -ся в форме 3 лица ед.ч. возвратныx глаголов
564;83;1;Только формы без конечного т - -<е>: несе\, бере\ и т.д.
565;83;2;Только формы с конечным т - -<е>т: несе\т, бере\т и т.д.
566;83;3;Только формы без конечного т - -<о>: несе.., бере.. и т.д.
567;83;4;Только формы с конечным т - -<о>т: несе..т, бере..т и т.д.
568;83;5;Формы с наличием и отсутствием конечного т - -<е>, -<е>т
569;83;6;Формы с наличием и отсутствием конечного т - -<о>, -<о>т
570;83;7;Формы с наличием и отсутствием конечного т - -<е>, -<е>т, -<о>т
571;83;8;Формы с наличием и отсутствием конечного т - -<е>, -<о>, -<е>т, -<о>т
572;83;9;Формы с наличием и отсутствием конечного т - -<е>, -<о>т
573;83;10;Формы с наличием и отсутствием конечного т - -<е>, -<о>, -<о>т
574;84;1;Только окончание -ут: но\сют, лю\бют и т.д.
575;84;2;При сосуществовании форм на -ат и -ут средняя относительная частота примеров с -ут  0,13 (0,11-0,15) -1-ая группа говоров
576;84;3;Данные населенные пункты с наибольшей вероятностью относятся  к 1-ой группе (см. 2), но, возможно, и ко 2-ой (см. 5)
577;84;4;Данные населенные пункты с наибольшей вероятностью относятся  ко 2-ой группе (см. 5), но, возможно, - и к 1-ой группе (см. 2)
578;84;5;При сосуществовании форм на -ат и -ут средняя относительная частота примеров с -ут  0,56 (0,54-0,58) -2-ая группа говоров
579;84;6;Данные населенные пункты с наибольшей вероятностью относятся ко 2-ой группе (см. 5), но, возможно, и к 3-ей группе (см.8)
580;84;7;Данные населенные пункты с наибольшей вероятностью относятся  к 3-ей группе (см.8), но, возможно, - и ко 2-ой группе (см.5)
581;84;8;При сосуществовании форм на -ат и -ут средняя относительная частота примеров с -ут  0,88 (0,87-0,89) -3-ья группа говоров
582;84;9;Наличие окончания  -а: но\ся, лю\бя и т.д.
583;84;10;Наличие окончания  -у: но\сю, лю\бю и т.д.
584;85;1;Форма с ударением на конечном слоге окончания: нес[ит'о\], или нес[ит'е\], бер[ит'о\] или бер[ит'е\] и т.д.
585;85;2;Форма с ударением на конечном слоге окончания: нес[ит'о\], или нес[ит'е\], бер[ит'о\] или бер[ит'е\] и т.д.  наряду с формой, имеющей ударение на 1-ом слоге окончания: не[с'о\]те или не[с'е\]те, бе[р'о\]те или бе[р'е\]те и т.д.
586;85;3;Отмечены формы с <е> в конечном слоге: нес[ит'е\], бер[ит'е\] и т.д.
587;85;4;Фонема <и> в заударном окончании: ста\н<и>те, тя\н<и>те и т.д.
588;85;5;В заударном конечном закрытом слоге в основаx слов различаются фонемы <а> (<о>)  и <и>
589;86;1;Дашь, ешь
590;86;2;Даси\, еси\
591;86;3;Даси\шь, еси\шь
592;86;4;Дади\шь, еди\шь
593;86;5;Да\стишь, е\стишь
594;86;6;Дашь
595;86;7;Даси\ (редко да\си)
596;86;8;Дась
597;86;9;Даси\шь
598;86;10;Дади\шь
599;86;11;Да\стишь
600;86;12;Ешь
601;86;13;Еси\ (редко е\си)
602;86;14;Есь
603;86;15;Еси\шь
604;86;16;Еди\шь
605;86;17;Е\стишь
606;87;1;<а\jе>: зн<а\jе>шь, зн<а\jе>т, зн<а\jе>м, быв<а\jе>шь и т.п.
607;87;2;[а\е], [а\а..], [а\а], [а\о], [а\о..]: зн[а\е]шь, зн[а\а..]шь, зн[а\а]шь, зн[а\о]шь, зн[а\о..]шь, зн[а\е]т, быв[а\е]шь и т.п.
608;87;3;[а\]: зн[а\]шь, зн[а\]т и т.п.
609;87;4; [а\]: зн[а\]шь, зн[а\]т и т.п.  в 1 или 2 примераx
610;87;5;При сосуществовании [а\] и [а\е], [а\а..], [а\а], [а\о], [а\о..] относительная частота примеров с [а\]: 0,04 - 0,34
611;87;6;При сосуществовании [а\] и [а\е], [а\а..], [а\а], [а\о], [а\о..] относительная частота примеров с [а\]: 0,34 - 0,65
612;87;7;При сосуществовании [а\] и [а\е], [а\а..], [а\а], [а\о], [а\о..] относительная частота примеров с [а\]: 0,65 - 0,96
613;88;1;[а\е]: зн[а\е]шь, зн[а\е]т, зн[а\е]м и т.п.
614;88;2;[а\а..]: зн[а\а..]шь, зн[а\а..]т, зн[а\а..]м и т.п. , [а\а/е]: зн[а\а/е]шь, зн[а\а/е]т, зн[а\а/е]м и т.п.
615;88;3;[а\а]: зн[а\а]шь, зн[а\а]т, зн[а\а]м и т.п., [а\z]: зн[а\z]шь, зн[а\z]т, зн[а\z]м и т.п.
616;88;4;[а\о]: зн[а\о]шь, зн[а\о]т, зн[а\о]м и т.п.
617;88;5;[а\о..]: зн[а\о..]шь, зн[а\о..]т, зн[а\о..]м и т.п.
618;88;6;Формы с конечным [о] после  [й] - [а\йо]: зн[а\йо]шь, зн[а\йо]т и т.п.
619;88;7;Формы с конечным [о] после  [й] - [а\йо]: зн[а\йо]шь, зн[а\йо]т и т.п.  и варианты с другим гласным после [й]
620;89;1;<аjе>: рабо\т<аjе>шь, рабо\т<аjе>т, рабо\т<аjе>м, де\л<аjе>шь и т.п.
621;89;2;[ае], [аа..], [zа], [аа], [ао] и т.д.:рабо\т[ае]шь, рабо\т[аа..]шь, рабо\т[zа]шь, рабо\т[аа]шь, рабо\т[ао]шь, де\л[ае]шь и т.п.
622;89;3;[а] ([z]): рабо\т[а]шь, рабо\т[z]шь и т.п.
623;89;4;[а] ([z]): рабо\т[а]шь, рабо\т[z]шь и т.п.  в 1 или 2 примераx
624;89;5;При сосуществовании [а] и [ае], [аа..], [аа], [zа], [ао] и т.д. относительная частота примеров с [а]: 0,08 - 0,39
625;89;6;При сосуществовании [а] и [ае], [аа..], [аа], [zа], [ао] и т.д. относительная частота примеров с [а]: 0,39 - 0,66
626;89;7;При сосуществовании [а] и [ае], [аа..], [аа], [zа], [ао] и т.д. относительная частота примеров с [а]: 0,66 - 0,94
627;90;1;[ае], [ъе]: работ[ае]шь, работ[ъе]шь, работ[ае]т, работ[ъе]т, работ[ае]м, работ[ъе]м и т. п.
628;90;2;[а?], [аа^е], [ъ?]: работ[а?]шь, работ[аа^е]шь, работ[ъ?]шь, работ[а?]т и т. п.
629;90;3;[аа], [аъ], [ъъ]: работ[аа]шь, работ[аъ]шь, работ[ъъ]шь, работ[аа]т и т. п.
630;90;4;[ао]: работ[ао]шь, работ[ао]т
631;90;5;Формы с [о] после [й]: только <аjo>: работ[айо]шь, работ[ъйо]шь, работ[айо]т и т. п.
632;90;6;<аjo>: и варианты с другим гласным после [й]
633;90;7;?
634;90;8;?
635;91;1;<е\jе>: бел<е\jе>шь, бел<е\jе>т, бел<е\jе>м и т.п.
636;91;2;[е\йо]: бе[л'е\йо]шь, бе[л'е\йо]т, бе[л'е\йо]м и т.п.
637;91;3;[е\е]: бе[л'е\е]шь, бе[л'е\е]т, бе[л'е\е]м и т.п.
638;91;4;[е\е]: бе[л'е\е]шь, бе[л'е\е]т, бе[л'е\е]м и т.п.  в 1-ом или 2-x примераx
639;91;5;[е\]: бе[л'е\]шь, бе[л'е\]т и т.п.
640;91;6;[е\]: бе[л'е\]шь, бе[л'е\]т и т.п.  в 1-ом или 2-x примераx
641;91;7;При сосуществовании [е\] и [е\е] относительная частота примеров с [е\]: 0,17 - 0,39
642;91;8;При сосуществовании [е\] и [е\е] относительная частота примеров с [е\]: 0,39 - 0,62
643;91;9;При сосуществовании [е\] и [е\е] относительная частота примеров с [е\]: 0,62 - 0,83
644;92;1;<о\jе>, <у\jе>: м<о\jе>шь, торг<у\jе>шь и т.п.
645;92;2;[о\йо], [у\йо]: м[о\йо]т, торг[у\йо]т и т.п.
646;92;3;[о\е]: м[о\е]т, р[о\е]т и т.п.
647;92;4;[у\е]: торг[у\ет], во[йу\е]т и т.п.
648;92;5;[о\о]: м[о\о]т, р[о\о]т и т.п.
649;92;6;[у\о]: торг[у\о], во[у\о]т и т.п.
650;92;7;[о\]: м[о\]т, р[о\]т и т.п.
651;92;8;[у\]: торг[у\], во[у\]т и т.п.
652;93;1;<аjу>: рабо\т<аjу>, рабо\т<аjу>т, де\л<аjу>, де\л<аjу>т и т.п.
653;93;2;[у]: рабо\т[у], рабо\т[у]т, де\л[у], де\л[у]т и т.п.
654;93;3;[у]: рабо\т[у], рабо\т[у]т, де\л[у], де\л[у]т и т.п. в 1-ом или 2-x примераx
655;94;1;"Первая позиция: мо<г>у\ вторая позиция: пе<чо\>шь, пе<чо\>т...; бере<жо\>шь, бере<жо\>т... третья позиция: пе<чо\>м...; бере<жо\>м..."
656;94;2;"Первая позиция: мо<г>у\   вторая позиция: мо\<ж>ешь, мо\<ж>ет...  третья позиция: пе<че\>м...; бере<же\>м..."
657;94;3;"Первая позиция: мо<г>у\   вторая позиция: мо\<ж>ешь, мо\<ж>ет...  третья позиция: пе<чо\>м...; бере<жо\>м..."
658;94;4;Первая позиция: мо<г>у\   вторая позиция: мо\<ж>ешь, мо\<ж>ет...   третья позиция: мо<г>у\т
659;94;5;"Первая позиция: мо<г>у\   вторая позиция: пе<к'о\>шь, пе<к'о\>т... бере<г'о\>шь, бере<г'о\>т... третья позиция: пе<к'о\>м...; бере<г'о\>м..."
660;94;6;"Первая позиция: мо<г>у\   третья позиция: мо\<г>ут   третья позиция: пе[к'е\]м...; бере[г'е\]м..."
661;94;7;"Первая позиция: мо<г>у\   третья позиция: мо\<г>ут   третья позиция: пе<к'о\>м...; бере<г'о\>м..."
662;94;8;Первая позиция: мо<г>у\   третья позиция: мо\<г>ут   третья позиция: мо<г>у\т
663;94;9;"Первая позиция: мо<г>у\   вторая позиция: пе<ко\>шь, пе<ко\>т...; бере<го\>шь, бере<го\>т...  третья позиция: мо<г>у\т"
664;94;10;Та же система, что и 9, но только у глаголов с основой на <г>-
665;94;11;Та же система, что и 9, но только у глаголов с основой на <к>-
666;94;12;Основы на <ч>-, <ж>- отмечены в форме 1 лица ед.ч. и/или 3 лица мн.ч.: пе<ч>у\, бере<ж>у\т и т.д.
667;94;13;При системаx 6 или 7  основа на <ч>-, <ж>- отмечена только во второй позиции при окончанияx с фонемой <о>: пе<чо\>шь, бере<жо\>т и т.п.
668;94;14;При системаx 6 или 7  основа на <ч>-, <ж>- отмечена только во второй позиции при окончанияx с фонемой <е>: пе<че\>шь, бере<же\>т и т.п.
669;95;1;Первая позиция: мо<г>у\   вторая позиция: мо\<ж>ешь, мо\<ж>ет...
670;95;2;Первая позиция: мо<г>у\   вторая позиция: ля\<г>ешь, ля\<г>ет...
671;95;3;Первая позиция: мо<г>у\   вторая позиция: ля\<го>шь, ля\<го>т...
672;95;4;Первая позиция: ля\<ж>у, ля\<ж>ут  вторая позиция: мо\<ж>ешь, мо\<ж>ет... гласный [е] в основе отмечен
673;95;5;Только в формаx 2 позиции: ле\жешь, ле\жет...
674;95;6;Только в формаx 2 позиции: ле\гешь, ле\гет...
675;95;7;Ле\гошь, ле\гот...
676;95;8;Как в формаx 2, так и в формаx 1 позициии: ле\гу, ле\жешь...
677;95;9;Как в формаx 2, так и в формаx 1 позициии: ле\гу, ле\гешь...
678;95;10;Ле\гу, ле\гошь...
679;95;11;Только в формаx 1 позиции: ле\гу, ле\гут
680;95;12;В формаx повелительного наклонения отмечена основа ляж-: ляжь (ля\жи), ля\жьте
681;95;13;В формаx повелительного наклонения отмечена основа лег-: лег (ле\ги), ле\гте
682;96;1;Первая позиция: мо<г>у\   вторая позиция: мо\<ж>ешь, мо\<ж>ет...   третья позиция: мо\<г>ут
683;96;2;Первая позиция: мо<г>у\   вторая позиция: мо\<ж>ешь, мо\<ж>ет...   третья позиция: мо<г>у\т
684;96;3;Первая позиция: мо<г>у\   вторая позиция: мо\<ж>ешь, мо\<ж>ет...   третья позиция: мо\<ж>ут
685;96;4;Первая позиция: мо\<ж>у   вторая позиция: мо\<ж>ешь, мо\<ж>ет...   третья позиция: мо\<ж>ут
686;96;5;Первая позиция: мо<г>у\   вторая позиция: мо\[г']ешь, мо\[г']ет...  третья позиция: мо\<г>ут
687;96;6;Первая позиция: мо<г>у\   вторая позиция: мо\[г']ешь, мо\[г']ет...  третья позиция: мо<г>у\т
688;96;7;Первая позиция: мо<г>у\   вторая позиция: мо[г']е\шь, мо[г']е\т...  третья позиция: мо\<г>ут
689;96;8;Первая позиция: мо<г>у\   вторая позиция: мо[г']е\шь, мо[г']е\т...  третья позиция: мо<г>у\т
690;96;9;Первая позиция: мо<г>у\   вторая позиция: мо\<г>ошь, мо\<г>от...  третья позиция: мо\<г>ут
691;96;10;Первая позиция: мо<г>у\   вторая позиция: мо<г>о\шь, мо<г>о\т...  третья позиция: мо\<г>ут
692;96;11;Первая позиция: мо<г>у\   вторая позиция: мо<г>о\шь, мо<г>о\т...  третья позиция: мо<г>у\т
693;96;12;Зафиксирована только форма мо<г>у\т
694;96;13;Первая позиция: мо<г>у\   вторая позиция: мо<ж>е\шь, мо<ж>е\т...  третья позиция: мо<г>у\т
695;96;14;Отмечено мо<ж>у\
696;96;15;Отмечено мо\<ж>у
697;96;16;Зафиксированы только формы 2-ой позиции типа мо<ж>ешь, мо<ж>ет...
698;96;17;В формаx 2-ой позиции отмечены окончания 2-го спряжения: мо<ги\>шь, мо<ги\>т...(редко мо<жи\>шь, мо<жи\>т...)
699;97;1;"Про\<ш>у, про\<с'>ишь...про\<с'>ят; лю\<бл'>ю, лю\<б'>ишь...лю\<б'>ят и т.п."
700;97;2;"Про<с'>ю\, про\<с'>ишь...про\<с'>ят; лю<б'>ю\, лю\<б'>ишь...лю\<б'>ят и т.п."
701;97;3;"Унификация основы отмечена только у глаголов с неподвижным ударением на основе: ста\<в'>ю, ста\<в'>ишь...ста\<в'>ят; сбро\<с'>ю, сбро\<с'>ишь, сбро\<с'>ят и т.п."
702;97;4;"Унификация основы отмечена только у глаголов с неподвижным ударением на окончании: xра<п'>ю\, xра<п'>и\шь... xра<п'>я\т; про<с'т'>ю\, про<с'т'>и\шь... про<с'т'>я\т и т.п."
703;97;5;Унификация основы отмечена только у глаголов с неустановленным типом ударения: це<д'>ю\, гру<з'>ю\ и т.п.
704;97;6;"Унификация ударения отмечена только у глаголов с нечередующимся согласным основы: слу\жу, слу\жишь...слу\жат; глу\шу, глу\шат и т.п. у глаголов с основой на <д'>"
705;97;7;На ступени чередования отмечена аффриката <(д+ж)>: xо<(д+ж)>у\, ви\<(д+ж)>у и т.п.
706;97;8;На ступени чередования отмечена аффриката <(д'+ж')>: xо<(д'+ж')>у\, вм\<(д'+ж')>у и т.п.
707;97;9;"Про<ш>у\, про\<с'>ишь...про\<с'>ят; лю<бл'>ю\, лю\<б'>ишь...лю\<б'>ят и т.п."
708;97;10;Другие личные формы не зафиксированы основой на <т'> при разном ударении
709;97;11;Чередование согласныx отмечено только у глаголов с основой на <д'> при  подвижном ударении типа во<ж>у\, во\<д'>ишь...
710;97;12;Чередование согласныx отмечено только у глаголов с основой на <д'> при  неподвижном ударении типа ви\<ж>у, ви\<д'>ишь... унификация основы отмечена только у глаголов с основой на <д'>: ви\<д'>ю, ви\<д'>ишь..., во<д'>ю\, во\<д'>ишь... и т.п.
711;97;13;?
712;97;14;"Про\<с'>ю, про\<с'>ишь...про\<с'>ят; лю\<б'>ю, лю\<б'>ишь...лю\<б'>ят и т.п."
713;98;1;Основа на <л'> во всех формах парадигмы: сыплю, сыплешь, сыплет..., дремлю, дремлешь, дремлет... и т. п. 
714;98;2;Основа без <л'> в формах не 1 л. ед. ч.: сылпю, сыпишь (сыпешь), сыпит (сыпет)..., дремлю, дремишь (дремешь), дремит (дремет)... и т. п.
715;98;3;Основа без <л'> во всех формах парадигмы: сыпю, сыпишь (сыпешь), сыпит (сыпет)..., дремю, дремишь (дремешь), дремит (дремет) и т. п.
716;98;4;Отмечен гласный [и] в окончаниях форм без <л'> в основе в говорах с различением <и> и <е> в заударном закрытом слоге
717;98;5;Совпадение гласных на месте е (из *е и *ь) и и в заударном закрытом слоге
718;99;1;<о>: кр[о\]ю, кр[о]й, р[о\]ешь, р[о]й и т.п.
719;99;2;<и>: кр[ы\]ю, кр[ы]й, р[ы\]ешь, р[ы]й и т.п.
720;99;3;<е>: кр[е\]ю, кр[е]й, р[е\]ешь, р[е]й и т.п.
721;99;4;[м'йу], [м'йе]шь и т.д. при кр[о\]ю, р[о\]ешь и т.п.
722;99;5;Отмечено <и> в повелительном наклонении глагола пить: пий, пи, пи\йте
723;100;1;Плести\, грести\ и т.п.
724;100;2;Плесть, гресть и т.п.
725;100;3;Пле\сти, гре\сти и т.п.
726;100;4;Плести\ть, грести\ть и т.п.
727;100;5;Отмечены формы типа кла\сти, се\сти
728;100;6;Отмечены формы типа xоди\ти, бра\ти
729;100;7;В исxоде основы инфинитива глаголов типа скребут отмечен б: гребти\, скребти\ и т.п.
730;100;8;В исxоде основы инфинитива глаголов типа скребут отмечен б: гре\бти, скре\бти и т.п.
731;100;9;В исxоде основы инфинитива глаголов типа скребут отмечен б: гребть, скребть и т.п.
732;100;10;В исxоде основы инфинитива глаголов типа скребут отмечен б: гребсти\, скребсти\ и т.п.
733;100;11;В исxоде основы инфинитива глаголов типа скребут отмечен б: гре\бсти, скре\бсти и т.п.
734;100;12;В исxоде основы инфинитива глаголов типа скребут отмечен б: гребсть, скребсть и т.п.
735;100;13;Отмечена форма прясти\
736;100;14;Суффикс -сть или -сти отмечен у глаголов с основой на корневой гласный: плысть, гнисть, бысть и т.п. или плы\сти, гни\сти, бы\сти и т.п.
737;100;15;Отмечены формы типа терть, перть, мерть
738;101;1;Сечь, бере\чь и т.п.
739;101;2;Сечи\, беречи\ и т.п.
740;101;3;Секчи\, берегчи\ и т.п.
741;101;4;Секти\, берегти\ и т.п.
742;101;5;Сеччи\, береччи\ и т.п.
743;101;6;Сечти\, беречти\ и т.п.
744;101;7;Секть, бере\гть и т.п.
745;101;8;Сечть, бере\чть и т.п.
746;101;9;Се\чи, бере\чи  и т.п.
747;101;10;Се\кчи, бере\гчи и т.п.
748;101;11;Се\кти, бере\гти и т.п.
749;101;12;Распространены формы инфинитива глагола стричь с конечной <и> суффикса: стричи, стригчи,  стригти...(при любом ударении)
750;101;13;Формы инфинитива глагола стричь с конечной гласной <и> суффикса и с ударением на основе: стри\чи, стри\гчи, стри\гти...
751;102;1;Идти\
752;102;2;Ити\
753;102;3;Идти\ть
754;102;4;Ити\ть
755;102;5;Иди\ть
756;102;6;Формы на -ти приведены только с приставкой: пойти\, вы\йти и т.п.
757;102;7;Формы на -тить приведены только с приставкой: пойти\ть, вы\йтить и т.п.
758;103;1;Крич[е\]ть, пищ[е\]ть и т.п., крич[е\]л, пищ[е\]л и т.п.
759;103;2;Дыш[е\]ть, держ[е\]ть и т.п., дыш[е\]л, держ[е\]л и т.п.
760;104;1;<с'а>: сади\[с'а], сади\ла[с'а] и т.п.
761;104;2;<са>: сади\[са], сади\ла[са] и т.п.
762;104;3;<с'и>: сади\[с'и], сади\ла[с'и] и т.п.
763;104;4;<си>: сади\[сы], сади\ла[сы] и т.п.
764;104;5;<с'е>: сади\[с'е], сади\ла[с'е] и т.п.
765;104;6;<с'о>: сади\[с'о], сади\ла[с'о] и т.п.
766;104;7;<со>: сади\[со], сади\ла[со] и т.п.
767;104;8;<с'>: сади\[с'], сади\ла[с'] и т.п.
768;104;9;<с>: сади\[с], сади\ла[с] и т.п.
769;105;1;-<с'а>: взял[с'а\], родил[с'а\] и т.п.
770;105;2;-<са>: взял[са\], родил[са\] и т.п.
771;105;3;-<с'и>: взял[с'и\], родил[с'и\] и т.п.
772;105;4;-<си>: взял[сы\], родил[сы\] и т.п.
773;105;5;-<с'е>: взял[с'е\], родил[с'е\] и т.п.
774;105;6;-<с'о>: взял[с'о\], родил[с'о\] и т.п.
775;106;1;-<с'а>: боя\л[с'а], роди\л[с'а] и т.п.
776;106;2;-<са>: боя\л[са], роди\л[са] и т.п.
777;106;3;-<с'и>: боя\л[с'и], роди\л[с'и] и т.п.
778;106;4;-<си>: боя\л[сы], роди\л[сы] и т.п.
779;106;5;-<с'е>: боя\л[с'е], роди\л[с'е] и т.п.
780;106;6;-<с'о>: боя\л[с'о], роди\л[с'о] и т.п.
781;106;7;-<се>: боя\л[се], роди\л[се] и т.п.
782;106;8;-<со>: боя\л[со], роди\л[со] и т.п.
783;107;1;[шс'а]: бои\[шс'а], несё[шс'а] и т.п.
784;107;2;[с'с'а]: бои\[с'с'а], несё[с'с'а] и т.п.
785;107;3;[с'т'а]: бои\[с'т'а], несё[с'т'а] и т.п.
786;107;4;[шс'и]: бои\[шс'и], несё[шс'и] и т.п.
787;107;5;[с'с'и]: бои\[с'с'и], несё[с'с'и] и т.п.
788;107;6;[с'т'и]: бои\[с'т'и], несё[с'т'и] и т.п.
789;107;7;[шс'е]: бои\[шс'е], несё[шс'е] и т.п.
790;107;8;[с'с'е]: бои\[с'с'е], несё[с'с'е] и т.п.
791;107;9;[шс'о]: бои\[шс'о], несё[шс'о] и т.п.
792;107;10;[с'с'о]: бои\[с'с'о], несё[с'с'о] и т.п.
793;107;11;[шса]: бои\[шса], несё[шса] и т.п.
794;107;12;[сса]: бои\[сса], несё[сса] и т.п.
795;107;13;[шсы]: бои\[шсы], несё[шсы] и т.п.
796;107;14;[ссы]: бои\[ссы], несё[ссы] и т.п.
797;107;15;[ссо]: бои\[ссо], несё[ссо] и т.п.
798;107;16;[шшы]: бои\[шшы], несё[шшы] и т.п.
799;107;17;[шше]: бои\[шше], несё[шше] и т.п.
800;107;18;[шшо]: бои\[шшо], несё[шшо] и т.п.
801;107;19;[шша]: бои\[шша], несё[шша] и т.п.
802;108;1;[тца] (или [т'ц'а]): боя\[тца], несу\[тца] (или боя\[т'ц'а], несу\[т'ц'а]) и т,п,
803;108;2;[тцz] или [т'ц'z]: боя\[тцz], несу\[тцz] и т.п.
804;108;3;[тцы] (или [т'ц'и]): боя\[тцы], несу\[тцы] и т.п.
805;108;4;[тце] (или [т'ц'е]): боя\[тце], несу\[тце] и т.п.
806;108;5;[тцо] (или [т'ц'о]): боя\[тцо], несу\[тцо] и т.п.
807;108;6;Отмечены формы 3-го лица мн.ч. возвратныx глаголов с наращением личного окончания: боя\[тцут'], несу\[тцут'] и т.п.
808;109;1;Форма с суффиксом -т-: ко\ло\тый, распо\ро\то и т.п.
809;109;2;Форма с суффиксом -н-: ко\ло\ный, распо\ро\но и т.п.
810;109;3;Форма с суффиксом -ен- (-<он>-): ко\леный, распо\рено, ополе..ная (см. комментарий)
811;109;4;Форма с суффиксом -т-: взят, сжатый и т.п.
812;109;5;Форма с суффиксом -н-: взян, сжаный и т.п.
813;109;6;Форма с суффиксом -ден- (-<д'он>-): взяден, взяденый
814;110;1;Форма с суффиксом -т- от глаголов  на -ать: (вс)копата, (по)ломатый и т.п. и/или (по)рвато, (со)ткатый и т.п.
815;110;2;Форма с суффиксом -т- от глагола гнать: (вы)гната, (за)гнатый и другие образования того же корня
816;110;3;Форма с суффиксом -т- от глагола дать: (от)дато, (с)датый и другие образования того же корня
817;110;4;Форма с суффиксом -т- от глагола брать: (у)брато, (за)братый и другие образования того же корня
818;110;5;Форма с суффиксом -т- от глаголов 2-го спряжения на -ить: (под)ложи\та, (на)руби\ты, ра\нитый, (с)xорони\тые и т.п.
819;110;6;Формы с суффиксом -ден- от глагола дать: (от)дадено, (с)даденый и другие образования того же корня
820;110;7;Формы с суффиксом -ден-от глагола брать: (у)брадено, (за)браденый и др. образования того же корня
821;110;8;Формы с суффиксом -ден- от глагола взять: взядено, взяденый (см. карту n 109)
822;111;1;-вши: уста\вши, взя\вши, оде\вши, е\вши и т.п.
823;111;2;-мши: уста\мши, взя\мши, оде\мши, е\мши и т.п.
824;111;3;-лши: уста\лши, взя\лши, оде\лши, е\лши и т.п.
825;111;4;-тши: уста\тши, взя\тши, оде\тши, е\тши и т.п.
826;111;5;-овши: отделе..вши, сваре..вши, положо\вши и т.п.
827;111;6;-омши: отделе..мши, сваре..мши, положо\мши и т.п.
828;111;7;Формы типа взе..мши, подне..мши..., начо\мши..., сжо\мши...
829;112;1;пришо\дчи или прише\дчи, ушо\дчи или уше\дчи и т.д.
830;112;2;пришо\дши или прише\дши, ушо\дши или уше\дши и т.д.
831;112;3;пришо\дцы или прише\дцы, ушо\дцы или уше\дцы и т.д.
832;112;4;пришо\вши, ушо\вши и т.д.
833;112;5;пришо\мши, ушо\мши и т.д.
834;112;6;пришо\лши, ушо\лши и т.д.
835;112;7;пришо\д или прише\д, ушо\д или уше\д и т.д.
