836;1;1;Pазличение. [о] - [а] (оканье): в[о]да\, к[о]сы\ и т.п. - тр[а]ва\, стр[а]ды\ и т.п.
837;1;2;Pазличение. [о] - [а] (оканье): в[о]да\, к[о]сы\ и т.п. - тр[а]ва\, стр[а]ды\ и т.п. в единичных случаях
838;1;3;Hаряду с [о] - [а] отмечено: [у] на месте о независимо от гласного под ударением: в[у]да\, в[у]до\й, в[у]ды\ и т.п.
839;1;4;Hаряду с [о] - [а] отмечено: [у] на месте о независимо от гласного под ударением: в[у]да\, в[у]до\й, в[у]ды\ и т.п. в единичных случаях
840;1;5;Hаряду с [о] - [а] отмечено: [у] на месте о только (или преимущественно) перед ударенным [о]: в[у]до\й, к[у]ро\в, и т.п.
841;1;6;Hаряду с [о] - [а] отмечено: [у] на месте о только (или преимущественно) перед ударенным [о]: в[у]до\й, к[у]ро\в, и т.п. в единичных случаях
842;1;7;Hаряду с [о] - [а] отмечено: [ъ] и/или [о/а] на месте о независимо от гласного под ударением: в[ъ]до\й, в[ъ]ды\ и т.п. и/или в[о/а]до\й, в[о/а]ды\ и т.п.
843;1;8;Hаряду с [о] - [а] отмечено: [ъ] и/или [о/а] на месте о независимо от гласного под ударением: в[ъ]до\й, в[ъ]ды\ и т.п. и/или в[о/а]до\й, в[о/а]ды\ и т.п. , но только (или преимущественно) перед ударенным а: в[ъ]да\, д[ъ]ма\ ит.п. и/или в[о/а]да\, д[о/а]ма\ и т.п.
844;1;9;Hаряду с [о] - [а] отмечено: [ъ] и/или [о/а] на месте о и а независимо от гласного под ударением: в[ъ]до\й, тр[ъ]вы\ и т.п. и/или в[о/а]до\й, тр[о/а]вы\ и т.п.
845;1;10;Hаряду с [о] - [а] отмечено: [ъ] и/или [о/а] на месте о и а независимо от гласного под ударением: в[ъ]до\й, тр[ъ]вы\ и т.п. и/или в[о/а]до\й, тр[о/а]вы\ и т.п. , но только (или преимущественно) перед ударенным а: в[ъ]да\, тр[ъ]ва\и т.п. и/или в[о/а]да\, тр[о/а]ва\ и т.п.
846;1;11;Hаряду с [о] - [а] отмечено: [о] на месте а независимо от гласного под ударением: тр[о]ва\, тр[о]во\й, тр[о]вы\ и т.п.
847;1;12;Cовпадение в [а] (аканье) независимо от гласного под ударением: в[а]да\, к[а]сы\ и т.п., тр[а]ва\, стр[а]ды\ и т.п.
848;1;13;Cовпадение в [а] (аканье) независимо от гласного под ударением: в[а]да\, к[а]сы\ и т.п., тр[а]ва\, стр[а]ды\ и т.п. в единичных случаях
849;1;14;Cовпадение - аканье диссимилятивное жиздринского типа: совпадение в [а] перед ударенными и, у, о, е и в гласном не-[а] перед ударенным а
850;1;15;Cовпадение - аканье диссимилятивное жиздринского типа: совпадение в [а] перед ударенными и, у, о, е и в гласном не-[а] перед ударенным а в единичных случаях
851;1;16;Cовпадение - аканье диссимилятивное архаического (обоянского) типа: совпадение в [а] перед ударенными и, у, о (из о под восх.уд.),е (из ять) и в гласном не-[а] перед ударенными а,о (из о под нисх.уд.,е,ъ),е (из е,ь))
852;1;17;Cистемы, совмещающие оканье в одних позициях с аканьем в других: гдовское, полновское и другие системы
853;2;1;[ъ]: в[ъ]да\, тр[ъ]ва\ и т.п.
854;2;2;[ъ]: в[ъ]да\, тр[ъ]ва\ и т.п. в единичных случаях
855;2;3;[ы]: в[ы]да\, тр[ы]ва\ и т.п.
856;2;4;[ы]: в[ы]да\, тр[ы]ва\ и т.п. в единичных случаях
857;2;5;[а/ъ]: в[а/ъ]да\, тр[а/ъ]ва\ и т.п.
858;2;6;[а/ъ]: в[а/ъ]да\, тр[а/ъ]ва\ и т.п. в единичных случаях
859;2;7;Граница распространения лабиализованного гласного ([у], [о], [ъ/у] и др.): в[у]да\, тр[у]ва\ и т.п., в[о]да\, тр[о]ва\ и т.п.
860;3;1;"Полное или частичное различение. перед твердыми в соответствии с <о> (у сестры...) - <е> (в лесу...) - <а>(пяток...) соответственно [о] - [е] - [а]; перед мягкими в соответствии с <о> (несем...) - <е> (белю...) - <а> (гляди...) соответственно [е] - [е] - [а]"
861;3;2;"Полное или частичное различение. перед твердыми в соответствии с <о> (у сестры...) - <е> (в лесу...) - <а>(пяток...) соответственно [е], [о] - [е] - [а] [о] в соответствии с <о> не отмечается в личных формах глаголов типа печьи типа нести ; перед мягкими в соответствии с <о> (несем...) - <е> (белю...) - <а> (гляди...) соответственно [е] - [е] - [а]"
862;3;3;"Полное или частичное различение. перед твердыми в соответствии с <о> (у сестры...) - <е> (в лесу...) - <а>(пяток...) соответственно [е] ([о]) - [и] - [а] [о] в соответствии с <о> не отмечается в личных формах глаголов типа печьи типа нести ; перед мягкими в соответствии с <о> (несем...) - <е> (белю...) - <а> (гляди...) соответственно [е] - [и] - [а]"
863;3;4;"Полное или частичное различение. перед твердыми в соответствии с <о> (у сестры...) - <е> (в лесу...) - <а>(пяток...) соответственно [о] - [и] - [а]; перед мягкими в соответствии с <о> (несем...) - <е> (белю...) - <а> (гляди...) соответственно [и] - [и] - [а]"
864;3;5;"Полное или частичное различение. перед твердыми в соответствии с <о> (у сестры...) - <е> (в лесу...) - <а>(пяток...) соответственно [е], [о] - [е] - [а] [о] в соответствии с <о> не отмечается в личных формах глаголов типа печьи типа нести ; перед мягкими в соответствии с <о> (несем...) - <е> (белю...) - <а> (гляди...) соответственно [е] - [и] - [а]"
865;3;6;"Полное или частичное различение. перед твердыми в соответствии с <о> (у сестры...) - <е> (в лесу...) - <а>(пяток...) соответственно [е], [о] - [е] - [а] [о] в соответствии с <о> не отмечается в личных формах глаголов типа печьи типа нести ; перед мягкими в соответствии с <о> (несем...) - <е> (белю...) - <а> (гляди...) соответственно [е] - [и] - [е]"
866;3;7;"Полное или частичное различение. перед твердыми в соответствии с <о> (у сестры...) - <е> (в лесу...) - <а>(пяток...) соответственно [е] - [е] - [а..]; перед мягкими в соответствии с <о> (несем...) - <е> (белю...) - <а> (гляди...) соответственно [е] - [и] - [а..], [е]"
867;3;8;"Полное или частичное различение. перед твердыми в соответствии с <о> (у сестры...) - <е> (в лесу...) - <а>(пяток...) соответственно [е] - [е] - [а]; перед мягкими в соответствии с <о> (несем...) - <е> (белю...) - <а> (гляди...) соответственно [е] - [и] - [е]"
868;3;9;"Полное или частичное различение. перед твердыми в соответствии с <о> (у сестры...) - <е> (в лесу...) - <а>(пяток...) соответственно [е] - [е] - [а]; перед мягкими в соответствии с <о> (несем...) - <е> (белю...) - <а> (гляди...) соответственно [е] - [е] - [а]"
869;3;10;"Полное или частичное различение. перед твердыми в соответствии с <о> (у сестры...) - <е> (в лесу...) - <а>(пяток...) соответственно [и] - [и] - [а]; перед мягкими в соответствии с <о> (несем...) - <е> (белю...) - <а> (гляди...) соответственно [и] - [и] - [а]"
870;3;11;"Полное или частичное различение. перед твердыми в соответствии с <о> (у сестры...) - <е> (в лесу...) - <а>(пяток...) соответственно [и] - [и] - [а]; перед мягкими в соответствии с <о> (несем...) - <е> (белю...) - <а> (гляди...) соответственно [и] - [и] - [и]"
871;3;12;"Полное или частичное различение <о> - <е> - <а> только перед о\, е\, реже а\. перед твердыми в соответствии с <о> (у сестры...) - <е> (в лесу...) - <а>(пяток...) соответственно [о],[е] - [и] - [а]; перед мягкими в соответствии с <о> (несем...) - <е> (белю...) - <а> (гляди...) соответственно [и] - [и] - [а]"
872;3;13;"Полное или частичное различение <о> - <е> - <а> только перед о\, е\, реже а\. перед твердыми в соответствии с <о> (у сестры...) - <е> (в лесу...) - <а>(пяток...) соответственно [о],[е] - [е] - [а]; перед мягкими в соответствии с <о> (несем...) - <е> (белю...) - <а> (гляди...) соответственно [е] - [е] - [а]"
873;3;14;"Полное или частичное различение <о> - <е> - <а> только перед о\, е\, реже а\. перед твердыми в соответствии с <о> (у сестры...) - <е> (в лесу...) - <а>(пяток...) соответственно [е] - [е] - [а]; перед мягкими в соответствии с <о> (несем...) - <е> (белю...) - <а> (гляди...) соответственно [е] - [е] - [а]"
874;3;15;"Полное или частичное различение <о> - <е> - <а> только перед о\, е\, реже а\. перед твердыми в соответствии с <о> (у сестры...) - <е> (в лесу...) - <а>(пяток...) соответственно [и] - [и] - [а]; перед мягкими в соответствии с <о> (несем...) - <е> (белю...) - <а> (гляди...) соответственно [и] - [и] - [а]"
875;3;16;"Cовпадение при отсутствии зависимости от качества гласного ударенного слога. умеренное яканье. перед твердыми в соответствии с <о> (у сестры...) - <е> (в лесу...) - <а>(пяток...) соответственно [а] - [а] - [а]; перед мягкими в соответствии с <о> (несем...) - <е> (белю...) - <а> (гляди...) соответственно [и] - [и] - [и]"
876;3;17;"Cовпадение при отсутствии зависимости от качества гласного ударенного слога. умеренное яканье. перед твердыми в соответствии с <о> (у сестры...) - <е> (в лесу...) - <а>(пяток...) соответственно [а] - [а] - [а]; перед мягкими в соответствии с <о> (несем...) - <е> (белю...) - <а> (гляди...) соответственно [и] - [и] - [и],[а]"
877;3;18;"Cовпадение при отсутствии зависимости от качества гласного ударенного слога. умеренное яканье. перед твердыми в соответствии с <о> (у сестры...) - <е> (в лесу...) - <а>(пяток...) соответственно [а] - [а],[и] - [а]; перед мягкими в соответствии с <о> (несем...) - <е> (белю...) - <а> (гляди...) соответственно [и] - [и] - [и]"
878;3;19;"Cовпадение при отсутствии зависимости от качества гласного ударенного слога. умеренное яканье. перед твердыми в соответствии с <о> (у сестры...) - <е> (в лесу...) - <а>(пяток...) соответственно [а] - [а],[и] - [а]; перед мягкими в соответствии с <о> (несем...) - <е> (белю...) - <а> (гляди...) соответственно [и] - [и] - [и],[а]"
879;3;20;"Cовпадение при отсутствии зависимости от качества гласного ударенного слога. умеренное яканье. перед твердыми в соответствии с <о> (у сестры...) - <е> (в лесу...) - <а>(пяток...) соответственно [а] - [а] - [а]; перед мягкими в соответствии с <о> (несем...) - <е> (белю...) - <а> (гляди...) соответственно [е] - [е] - [е]"
880;3;21;"Cовпадение при отсутствии зависимости от качества гласного ударенного слога. умеренное яканье. перед твердыми в соответствии с <о> (у сестры...) - <е> (в лесу...) - <а>(пяток...) соответственно [а] - [а] - [а]; перед мягкими в соответствии с <о> (несем...) - <е> (белю...) - <а> (гляди...) соответственно [е] - [е] - [а]"
881;3;22;"Cовпадение при отсутствии зависимости от качества гласного ударенного слога. умеренное яканье. перед твердыми в соответствии с <о> (у сестры...) - <е> (в лесу...) - <а>(пяток...) соответственно [а] - [а] - [а]; перед мягкими в соответствии с <о> (несем...) - <е> (белю...) - <а> (гляди...) соответственно [е] - [е],[и] - [а]"
882;3;23;"Cовпадение при отсутствии зависимости от качества гласного ударенного слога. сильное яканье. перед твердыми в соответствии с <о> (у сестры...) - <е> (в лесу...) - <а>(пяток...) соответственно [а] - [а] - [а]; перед мягкими в соответствии с <о> (несем...) - <е> (белю...) - <а> (гляди...) соответственно [а] - [а] - [а]"
883;3;24;"Cовпадение при отсутствии зависимости от качества гласного ударенного слога. сильное яканье. перед твердыми в соответствии с <о> (у сестры...) - <е> (в лесу...) - <а>(пяток...) соответственно [а] - [а] - [а]; перед мягкими в соответствии с <о> (несем...) - <е> (белю...) - <а> (гляди...) соответственно [а] - [а],[и] - [а]"
884;3;25;"Cовпадение при отсутствии зависимости от качества гласного ударенного слога. сильное яканье. перед твердыми в соответствии с <о> (у сестры...) - <е> (в лесу...) - <а>(пяток...) соответственно [а] - [а],[и] - [а]; перед мягкими в соответствии с <о> (несем...) - <е> (белю...) - <а> (гляди...) соответственно [а] - [а],[и] - [а]"
885;3;26;<о> - <е> - <а> в [а] только перед а\
886;3;27;"При отсутствии зависимости от качества гласного ударенного слога. еканье. перед твердыми в соответствии с <о> (у сестры...) - <е> (в лесу...) - <а>(пяток...) соответственно [е] - [е] - [е]; перед мягкими в соответствии с <о> (несем...) - <е> (белю...) - <а> (гляди...) соответственно [е] - [е] - [е]"
887;3;28;"При отсутствии зависимости от качества гласного ударенного слога. еканье. перед твердыми в соответствии с <о> (у сестры...) - <е> (в лесу...) - <а>(пяток...) соответственно [е] - [е] - [е]; перед мягкими в соответствии с <о> (несем...) - <е> (белю...) - <а> (гляди...) соответственно [е] - [е],[и] - [е]"
888;3;29;"При отсутствии зависимости от качества гласного ударенного слога. иканье. перед твердыми в соответствии с <о> (у сестры...) - <е> (в лесу...) - <а>(пяток...) соответственно [и] - [и] - [и]; перед мягкими в соответствии с <о> (несем...) - <е> (белю...) - <а> (гляди...) соответственно [и] - [и] - [и]"
889;3;30;"При отсутствии зависимости от качества гласного ударенного слога. иканье. перед твердыми в соответствии с <о> (у сестры...) - <е> (в лесу...) - <а>(пяток...) соответственно [и] - [и] - [и]; перед мягкими в соответствии с <о> (несем...) - <е> (белю...) - <а> (гляди...) соответственно [и] - [и] - [и] единично при сосуществовании с другими типами совпадения"
890;3;31;При наличии зависимости от качества гласного ударенного слога: яканье диссимилятивное
891;3;32;При наличии зависимости от качества гласного ударенного слога: яканье ассимилятивно-диссимилятивное
892;3;33;При наличии зависимости от качества гласного ударенного слога: яканье умеренно-диссимилятивное
893;3;34;При наличии зависимости от качества гласного ударенного слога: яканье диссимилятивно-умеренное
894;3;35;При наличии зависимости от качества гласного ударенного слога: яканье умеренно-ассимилятивное
895;3;36;При наличии зависимости от качества гласного ударенного слога: яканье ассимилятивное
896;3;37;При наличии зависимости от качества гласного ударенного слога: яканье диссимилятивно-умеренное чухломского типа
897;3;38;При наличии зависимости от качества гласного ударенного слога: отмечено яканье гдовского типа
898;3;39;?
899;3;40;?
900;3;41;?
901;4;1;Перед твердыми согласными [о]: [н'о]сла\, с[в'о]кро\вь, [н'о]су\т и т.п.
902;4;2;Перед твердыми согласными [о] и [е]
903;4;3;Перед твердыми согласными [е], единично [о]
904;4;4;Перед твердыми согласными [е]: [н'е]сла\, с[в'е]кро\вь, [н'е]су\т и т.п.
905;4;5;Перед твердыми согласными [о], но только [е] (редко [и]) в личных формах глаголов типа печь и типа нести: [н'о]сла\, с[в'о]кро\вь и т.п., но [п'е]ку\, [н'е]су\т и т.п.
906;4;6;Перед твердыми согласными [е], единично [о], но только [е] в личных формах глаголов типа печь и типа нести:
907;4;7;Перед твердыми согласными [о], но преимущественно [е] в личных формах глаголов типа печь и типа нести:
908;4;8;Перед твердыми согласными [о] и [е], но преимущественно [е] в личных формах глаголов типа печь и типа нести:
909;4;9;Перед твердыми согласными [е], но единично [о] только перед ударенным о: [с'е]стра\, [н'е]су\т и т.п., но с[в'е]кро\вь и с[в'о]кро\вь и т.п.
910;4;10;Перед твердыми согласными отмечен [и]: [с'и]стра\, [н'и]су\ и т.п.
911;4;11;Перед мягкими согласными [и] (возможно единично [е]): [н'и]си\, [т'и]ле\нок и т.п.
912;4;12;Перед мягкими согласными [и] и [е]: [н'и]си\, [т'и]ле\нок и т.п., [н'е]си\, [т'е]ле\нок и т.п.
913;4;13;Перед мягкими согласными [е], единично [и]
914;4;14;Перед мягкими согласными [е]
915;5;1;Перед твердыми согласными [е]: [р'е]ка\, с[л'е]по\й, в [л'е]су\ и т.п.
916;5;2;Перед твердыми согласными [и]: [р'и]ка\, с[л'и]по\й, в [л'и]су\ и т.п.
917;5;3;Перед твердыми согласными [и] и [е]
918;5;4;Перед твердыми согласными [е], единично [и]
919;5;5;Перед твердыми согласными отмечено [а]: [р'а]ка\, с[л'а]по\й, в [л'а]су\ и т.п.
920;5;6;Перед мягкими согласными [и] (при возможном единично [е]): с[м'и]я\ться, [д'и]ли\ть и т.п.
921;5;7;Перед мягкими согласными [и] и [е]: с[м'и]я\ться, [д'и]ли\ть и т.п., с[м'е]я\ться, [д'е]ли\ть и т.п.
922;5;8;Перед мягкими согласными [е], единично [и]
923;5;9;Перед мягкими согласными отмечен [а]: с[м'а]я\ться, [д'а]ли\ть и т.п.
924;5;10;Отмечен [а] перед твердыми и мягкими согласными
925;6;1;[о] в словоформах существительных ср.р. из группы: ведро, гнездо, седло: [в'о]дро\, г[н'о]зду\,[с'о]дла\ и т.п.
926;6;2;[о] в словоформах прилагательных из группы: седой, гнедой, слепой, немой: [с'о]да\я, г[н'о]ды\х, [н'о]мо\й, и т.п.
927;6;3;[о] в словоформах глаголов типа поспевать и типа светать: пос[п'о]ва\ю, с[в'о]та\ть и т.п.
928;6;4;[о] в словоформах существительных двух акцентологических типов: а. жен. р. типа река: [р'о]ка\,[б'о]до\й и т.п. и б. муж.р. типа лес: [л'о]са\, в с[н'о]гу\ и т.п.
929;7;1;Перед твердыми согласными [а]: г[р'а]да\, [п'а]тно\, т[р'а]су\ и т.п.
930;7;2;Перед твердыми согласными [е]: г[р'е]да\, [п'е]тно\, т[р'е]су\ и т.п.
931;7;3;Перед твердыми согласными [а] и [е]
932;7;4;Перед твердыми согласными [а], единично [е]
933;7;5;Перед твердыми согласными [е], единично [а]
934;7;6;Перед твердыми согласными отмечен [и]: г[р'и]да\, [п'и]тно\, т[р'и]су\ и т.п.
935;7;7;Перед мягкими согласными [е]: в г[р'е]де\, [п'е]ти\, нап[р'е]де\м и т.п.
936;7;8;Перед мягкими согласными [е], единично [а]
937;7;9;Перед мягкими согласными [е] и [а]: в г[р'е]де\, [п'е]ти\, нап[р'е]де\м и т.п. и в г[р'а]де\, [п'а]ти\, нап[р'а]де\м и т.п.
938;7;10;Перед мягкими согласными [а], единично [е]
939;7;11;Перед мягкими согласными [и] и [а]: в г[р'и]де\, [п'и]ти\, нап[р'и]де\м и т.п. и в г[р'а]де\, [п'а]ти\, нап[р'а]де\м и т.п.
940;7;12;Перед мягкими согласными [а], единично [и]
941;8;1;Диссимилятивное яканье задонского типа
942;8;2;Диссимилятивное яканье обоянского типа
943;8;3;Диссимилятивное яканье обоянско-щигровского типа
944;8;4;Диссимилятивное яканье дмитровского типа
945;8;5;Диссимилятивное яканье щигровского типа
946;8;6;Диссимилятивное яканье суджанского типа
947;8;7;Диссимилятивное яканье мосальского типа
948;8;8;Диссимилятивное яканье жиздринского типа
949;8;9;Диссимилятивное яканье жиздринского типа с гласным [е] перед [а\]
950;8;10;Aссимилятивно-диссимилятивное яканье новоселковского типа
951;8;11;Aссимилятивно-диссимилятивное яканье ореховского типа
952;8;12;Aссимилятивно-диссимилятивное яканье кидусовского типа
953;8;13;Aссимилятивно-диссимилятивное яканье култуковского типа
954;8;14;Умеренно-диссимилятивное яканье новоселковского типа
955;8;15;Умеренно-диссимилятивное яканье кидусовского типа
956;8;16;Умеренно-диссимилятивное яканье жиздринского типа
957;9;1;[а]: м[а]локо\, ст[а]роны\ и т.п.
958;9;2;[ъ]: м[ъ]локо\, ст[ъ]роны\ и т.п.
959;9;3;[ы]: м[ы]локо\, ст[ы]роны\ и т.п.
960;9;4;[о]: м[о]локо\, ст[о]роны\ и т.п.
961;9;5;[у]: м[у]локо\, ст[у]роны\ и т.п.
962;9;6;Отмечены случаи редукции звука до нуля
963;10;1;[у] межюу губными согласными: п[у]бежа\ла, п[у]могли\ и т.п.
964;10;2;[у] перед слогом с [у]: г[у]лубо\й, л[у]скуты\ и т.п.
965;10;3;[у] между губными согласными перед слогом с [у]: п[у]п[у]га\й, п[у]м[у]гли\ ит.п.
966;10;4;[у] не между губными согласными и не перед слогом с [у]: м[у]локо\, д[у]ста-ва\ть и т.п.
967;11;1;[а]: ст[а]рики\, д[а]леко\ и т.п.
968;11;2;[ъ]: ст[ъ]рики\, д[ъ]леко\ и т.п.
969;11;3;[ы]: ст[ы]рики\, д[ы]леко\ и т.п.
970;11;4;Отмечено [о]: ст[о]рики\, д[о]леко\ и т.п.
971;12;1;Hелабиализованный гласный [а] и/или [ъ]: м[а]жики\, д[а]хота\ и т.п. и/или м[ъ]жики\, д[ъ]хота\ и т.п. (1-2 примера)
972;12;2;Hелабиализованный гласный [а] и/или [ъ]: м[а]жики\, д[а]хота\ и т.п. и/или м[ъ]жики\, д[ъ]хота\ и т.п. в единичных случаях (1-2 примера)
973;13;1;п[ъ]шени\ца, п[а]шени\ца, п[ы]шени\ца и т.д.
974;13;2;с[ъ]моро\дина, с[а]моро\дина, с[ы]моро\дина и т.д.
975;13;3;[а]пшени\ца
976;14;1;ржано\й
977;14;2;Отмечено [ъ]ржано\й
978;14;3;Отмечено [а]ржано\й
979;14;4;Отмечено [о]ржано\й
980;14;5;Отмечено [у]ржано\й
981;14;6;Отмечено [и]ржано\й
982;15;1;ржи
983;15;2;Отмечено [ъ]ржи
984;15;3;Отмечено [а]ржи
985;15;4;Отмечено [о]ржи
986;15;5;Отмечено [и]ржи
987;15;6;"Протетический [и] отмечен в др. словах: перед сочетанием ""плавный+согласный"": [и]ржа\ть, [и]льдо\м и т.п."
988;15;7;"Протетический [и] отмечен в др. словах: перед сочетанием ""носовой+согласный"": [и]мне\, [и]нра\вится и т.п."
989;15;8;"Протетический [и] отмечен в др. словах: в единичных словах перед сочетанием ""шумный+согласный"": [и]гна\ть, [и]сту\жа и т.п. (см. комментарий)"
990;15;9;Протетический [и] отмечен в др. словах: в слове [и]гру\ша
991;15;10;Протетический [и] отмечен в др. словах: в формах глагола ткать: [и]тке\м, [и]тка\л и т.д.
992;16;1;[ъ]: в го\р[ъ]де, хо\л[ъ]дно и т.п.
993;16;2;[ъ]: в го\р[ъ]де, хо\л[ъ]дно и т.п. в единичных случаях
994;16;3;[а]: в го\р[а]де, хо\л[а]дно и т.п.
995;16;4;[а]: в го\р[а]де, хо\л[а]дно и т.п. в единичных случаях
996;16;5;[ы]: в го\р[ы]де, хо\л[ы]дно и т.п.
997;16;6;[ы]: в го\р[ы]де, хо\л[ы]дно и т.п. в единичных случаях
998;16;7;[о]: в го\р[о]де, хо\л[о]дно и т.п.
999;16;8;[о]: в го\р[о]де, хо\л[о]дно и т.п. в единичных случаях
1000;16;9;[о^] или [у] в единичных случаях
1001;16;10;Отмечены случаи редукции гласных до нуля
1002;17;1;[ъ]: ко\л[ъ]с, хо\л[ъ]д и т.п.
1003;17;2;[ъ]: ко\л[ъ]с, хо\л[ъ]д и т.п. в единичных случаях
1004;17;3;[а]: ко\л[а]с, хо\л[а]д и т.п.[а]
1005;17;4;[а]: ко\л[а]с, хо\л[а]д и т.п.[а] в единичных случаях
1006;17;5;[ы]: ко\л[ы]с, хо\л[ы]д и т.п.[ы]
1007;17;6;[ы]: ко\л[ы]с, хо\л[ы]д и т.п.[ы] в единичных случаях
1008;17;7;[о]: ко\л[о]с, хо\л[о]д и т.п.[о]
1009;17;8;[о]: ко\л[о]с, хо\л[о]д и т.п.[о] в единичных случаях
1010;17;9;[о^] или [у] в единичных случаях
1011;17;10;Отмечены случаи редукции гласного до нуля
1012;18;1;[ъ]: мно\г[ъ], ме\ст[ъ] и т.п.
1013;18;2;[ъ]: мно\г[ъ], ме\ст[ъ] и т.п. в единичных случаях
1014;18;3;[а]: мно\г[а], ме\ст[а] и т.п.
1015;18;4;[а]: мно\г[а], ме\ст[а] и т.п. в единичных случаях
1016;18;5;[о]: мно\г[о], ме\ст[о] и т.п.
1017;18;6;[о]: мно\г[о], ме\ст[о] и т.п. в единичных случаях
1018;18;7;[у]: мно\г[у], ме\ст[у] и т.п.[у] или [о^]: мно\г[о^], ме\ст[о^] и т.п.
1019;18;8;Tолько на\д[ы]
1020;18;9;Tолько на\д[э]
1021;18;10;Отмечены случаи редукции гласного до нуля
1022;19;1;[ъ]: о\к[ъ]нь, фа\рт[ъ]к и т.п.
1023;19;2;[а]: о\к[а]нь, фа\рт[а]к и т.п.
1024;19;3;[ы]: о\к[ы]нь, фа\рт[ы]к и т.п.
1025;20;1;[ы]: вы\м[ы]л, вы\б[ы]л и т.п.
1026;20;2;[ъ]: вы\м[ъ]л, вы\б[ъ]л и т.п.
1027;20;3;[а]: вы\м[а]л, вы\б[а]л и т.п.
1028;20;4;[у]: вы\м[у]л, вы\б[у]л и т.п.
1029;20;5;[о]: вы\м[о]л, вы\б[о]л и т.п.
1030;21;1;[е]: вы\[н'е]су, о\[з'е]ро и т.п.
1031;21;2;[о]: вы\[н'о]су, о\[з'о]ро и т.п.
1032;21;3;[а]: вы\[н'а]су, о\[з'а]ро и т.п.
1033;21;4;[и]: вы\[н'и]су, о\[з'и]ро и т.п.
1034;21;5;[ь]: вы\[н'ь]су, о\[з'ь]ро и т.п.
1035;22;1;[е]: вы\[в'е]ди, в о\[з'е]ре и т.п.
1036;22;2;[о]: вы\[в'о]ди, в о\[з'о]ре и т.п.
1037;22;3;[а]: вы\[в'а]ди, в о\[з'а]ре и т.п.
1038;22;4;[и]: вы\[в'и]ди, в о\[з'и]ре и т.п.
1039;22;5;[ь]: вы\[в'ь]ди, в о\[з'ь]ре и т.п.
1040;23;1;"Pазличение; на месте е - [е]: вы\[н'е]су и т.п."
1041;23;2;"Pазличение; на месте е - [и]: вы\[н'и]су и т.п."
1042;23;3;"Pазличение; на месте е - [а]: вы\[н'а]су и т.п."
1043;23;4;"Pазличение; на месте е - [о]: вы\[н'о]су и т.п."
1044;23;5;"Pазличение; на месте ять - [е]: вы\[л'е]зу и т.п."
1045;23;6;"Pазличение; на месте ять - [и]: вы\[л'и]зу и т.п,"
1046;23;7;"Pазличение; на месте ять - [а]: вы\[л'а]зу и т.п."
1047;23;8;"Pазличение; на месте ять - [о]: вы\[л'о]зу и т.п."
1048;23;9;"Cовпадение; на месте е и ять - [е]: вы\[н'е]су, вы\[л'е]зу и т.п."
1049;23;10;"Cовпадение; на месте е и ять - [и]: вы\[н'и]су, вы\[л'и]зу и т.п."
1050;23;11;"Cовпадение; на месте е и ять - [а]: вы\[н'а]су, вы\[л'а]зу и т.п."
1051;23;12;"Cовпадение; на месте е и ять - [о]: вы\[н'о]су, вы\[л'о]зу и т.п."
1052;24;1;[а]: вы\[т'а]ну, по\[jа]са и т.п.
1053;24;2;[е]: вы\[т'е]ну, по\[jе]са и т.п.
1054;24;3;[и] и/или [ь]: вы\[т'и]ну, по\[(j)и]са и т.п. и/или вы\[т'ь]ну, по\[(j)ь]са ит.п.
1055;25;1;"Pазличение; на месте е - [о], на месте и - [и]: вы\[н'о]с, вы\[п'и]л и т.п."
1056;25;2;"Pазличение; на месте е - [е], на месте и - [и]: вы\[н'е]с, вы\[п'и]л и т.п."
1057;25;3;"Pазличение; на месте е - [а], на месте и - [и]: вы\[н'а]с, вы\[п'и]л и т.п."
1058;25;4;"Cовпадение; на месте е и на месте и [и] и/или [ь]: вы\[н'и]с, вы\[п'и]л и т.п. и/или вы\[н'ь]с, вы\[п'ь]л и т.п."
1059;25;5;"Cовпадение; на месте е и на месте и [е]: вы\[н'е]с, вы\[п'е]л и т.п."
1060;25;6;"Cовпадение; на месте е и на месте и [а]: вы\[н'а]с, вы\[п'а]л и т.п."
1061;25;7;Kроме совпадения, отмечено на месте е - [е]
1062;25;8;Kроме совпадения, отмечено на месте и - [е]
1063;25;9;Kроме совпадения, отмечено на месте е - [а]
1064;25;10;Kроме совпадения, отмечено на месте и - [а]
1065;25;11;Kроме совпадения, отмечено на месте е - [о]
1066;26;1;[а]: за\[jа]ц, ме\[с'а]ц
1067;26;2;[е]: за\[jе]ц, ме\[с'е]ц
1068;26;3;[и] и/или [ь]: за\[(j)и]ц, ме\[с'и]ц и/или за\[(j)ь]ц, ме\[с'ь]ц
1069;27;1;[е]: ка\м[н'е]м, сара\[jе]в и т.п.
1070;27;2;[о]: ка\м[н'о]м, сара\[jо]в и т.п.
1071;27;3;[а]: ка\м[н'а]м, сара\[jа]в и т.п.
1072;27;4;[и] и/или [ь]: ка\м[н'и]м,сара\[(j)и]в и т.п. и/или ка\м[н'ь]м, сара\[(j)ь]в и т.п.
1073;28;1;[е]: дере\в[н'е]й, с дя\[д'е]й и т.п.
1074;28;2;[о]: дере\в[н'о]й, с дя\[д'о]й и т.п.
1075;28;3;[а]: дере\в[н'а]й, с дя\[д'а]й и т.п.
1076;28;4;[у]: дере\в[н'у]й, с дя\[д'у]й и т.п.
1077;28;5;[и]: дере\в[н'и]й, с дя\[д'и]й и т.п.
1078;28;6;[ь]: дере\в[н'ь]й, с дя\[д'ь]й и т.п.
1079;29;1;[е]: ста\[н'е]м, ко\[л'е]м и т.п.
1080;29;2;[о]: ста\[н'о]м, ко\[л'о]м и т.п.
1081;29;3;[а]: ста\[н'а]м, ко\[л'а]м и т.п.
1082;29;4;[и]: ста\[н'и]м, ко\[л'и]м и т.п.
1083;29;5;[ь]: ста\[н'ь]м, ко\[л'ь]м и т.п.
1084;30;1;[е]: по\[л'е], воскресе\н[jе] и т.п.
1085;30;2;[о]: по\[л'о], воскресе\н[jо] и т.п.
1086;30;3;[а]: по\[л'а], воскресе\н[jа] и т.п.
1087;30;4;[и]: по\[л'и], воскресе\н[jи] и т.п.
1088;30;5;[ь]: по\[л'ь], воскресе\н[jь] и т.п.
1089;31;1;[е]: несе\[т'е], лю\би[т'е] и т.п.
1090;31;2;[о]: несе\[т'о], лю\би[т'о] и т.п.
1091;31;3;[а]: несе\[т'а], лю\би[т'а] и т.п.
1092;31;4;[и]: несе\[т'и], лю\би[т'и] и т.п.
1093;31;5;[ь]: несе\[т'ь], лю\би[т'ь] и т.п.
1094;31;6;?
1095;31;7;?
1096;32;1;Bо 2-ом предударном слоге только в соседстве с сонорными и в: пе[р'к]рести\ть, [ср]афа\н, [пл]ате\нце,[gв]ари\т и т.п.
1097;32;2;Bо 2-ом предударном слоге только в префиксе пере-: пе[р'к]рести\ть, пе[рв]ели\, пе[р'в']енча\ли и т.п.
1098;32;3;Bо 2-ом предударном слоге в соседстве с сонорными и несонорными: [ср]афа\н, пе[рв']ели\, [пт]ало\к,[дп']яти\, [зg]аре\лось (загорелось) и т.п.
1099;32;4;B 1-ом заударном закрытом слоге в соседстве с сонорными и в: ку\[р'ц]а, хо\[лд]но, вы\[н'с]у, расска\[зв]ал,учи\[тл'] и т.п.
1100;32;5;B 1-ом заударном закрытом слоге между несонорными (кроме в): пя\[тчк]а, ма\[кфк]а, каду\[шчк]а, ко\[чт](кочет) и т.п.
1101;32;6;B 1-ом заударном конечном открытом слоге в неизменяемых словах: мо\ж[н], ско\[л'к'], ны\[н'], пло\[х] (плохо) и т.п.
1102;32;7;B 1-ом заударном конечном открытом слоге в окончаниях существительных и глаголов: бу\[р'] (буря), ту\[ч'] (туча), онаписа\[л], сы\[н] нет, мы\[л] купила, ка\[ш] варила и т.п.
1103;33;1;[а]: [а]тня\л, [а]дну\ и т.п.
1104;33;2;[а]: [а]тня\л, [а]дну\ и т.п. в единичных случаях
1105;33;3;[ъ]: [ъ]тня\л, [ъ]дну\ и т.п.
1106;33;4;[ъ]: [ъ]тня\л, [ъ]дну\ и т.п. в единичных случаях
1107;33;5;[о]: [о]тня\л, [о]дну\ и т.п.
1108;33;6;[о]: [о]тня\л, [о]дну\ и т.п. в единичных случаях
1109;33;7;[у]: [у]тня\л, [у]дну\ и т.п.
1110;33;8;[у]: [у]тня\л, [у]дну\ и т.п. в единичных случаях
1111;33;9;[и]: [и]тня\л, [и]дну\ и т.п.
1112;33;10;[и]: [и]тня\л, [и]дну\ и т.п. в единичных случаях
1113;33;11;Отсутствие гласного: тнял, дну и т.п.
1114;33;12;Отсутствие гласного: тнял, дну и т.п. только после гласного предшествующего слова
1115;34;1;[а]пять
1116;34;2;[ъ]пять
1117;34;3;[о]пять
1118;34;4;[у]пять
1119;34;5;[и]пять
1120;34;6;пять после гласного предшествующего слова
1121;35;1;[а]: [а]дного\, [а]топри\ и т.п.
1122;35;2;[ъ]: [ъ]дного\, [ъ]топри\ и т.п.
1123;35;3;[о]: [о]дного\, [о]топри\ и т.п.
1124;35;4;[у]: [у]дного\, [у]топри\ и т.п.
1125;35;5;[и]: [и]дного\, [и]топри\ и т.п.
1126;35;6;Отсутствие гласного: дного\, топри\ и т.п.
1127;35;7;Отсутствие гласного: дного\, топри\ и т.п. только после гласного предшествующего слова
1128;35;8;[а]: [а]дного\, [а]топри\ и т.п. в единичных случаях
1129;35;9;[ъ]: [ъ]дного\, [ъ]топри\ и т.п. в единичных случаях
1130;35;10;[о]: [о]дного\, [о]топри\ и т.п. в единичных случаях
1131;35;11;[у]: [у]дного\, [у]топри\ и т.п. в единичных случаях
1132;35;12;[и]: [и]дного\, [и]топри\ и т.п. в единичных случаях
1133;36;1;[а]горо\д
1134;36;2;[ъ]горо\д
1135;36;3;[о]горо\д
1136;36;4;[у]горо\д
1137;36;5;[и]горо\д
1138;36;6;горо\д
1139;36;7;горо\д только после гласного предшествующего слова
1140;37;1;[а]гурцы\
1141;37;2;[ъ]гурцы\
1142;37;3;[о]гурцы\
1143;37;4;[у]гурцы\
1144;37;5;[и]гурцы\
1145;37;6;гурцы\
1146;37;7;гурцы\ только после гласного предшествующего слова
1147;37;8;[а]гурки\
1148;37;9;гурки\
1149;38;1;[е\] в корне: бе[р'е\]за, с[в'е\]кла и т.п.
1150;38;2;[е\] в корне: бе[р'е\]за, с[в'е\]кла и т.п. в единичных случаях
1151;38;3;[е\] в суффиксах: ко[т'е\]нок, со[л'е\]ный и т.п.
1152;38;4;[е\] в суффиксах: ко[т'е\]нок, со[л'е\]ный и т.п. в единичных случаях
1153;38;5;[е\] в старом сочетании *-тьrт-: [м'е\рз]ла, чет[в'е\рт]ый и т.п.
1154;38;6;[е\] перед шипящими: в слове ле[п'е\]шка
1155;38;7;[е\] перед шипящими: в слове о[д'е\]жа
1156;39;1;[е\]: меш[е\]чек, горш[е\]чек и т.п.
1157;40;1;[и]: л[и]с, с[и\]но и т.п.
1158;40;2;[и]: л[и]с, с[и\]но и т.п. в единичных случаях
1159;40;3;[е^]: л[е^]с, с[е^\]но и т.п.
1160;40;4;[е^]: л[е^]с, с[е^\]но и т.п. в единичных случаях
1161;40;5;[и+е]: л[и+е]с, с[и+е\]но и т.п.
1162;40;6;[и+е]: л[и+е]с, с[и+е\]но и т.п. в единичных случаях
1163;41;1;[и]: в[и\]тер, зд[и]сь и т.п.
1164;41;2;[и]: в[и\]тер, зд[и]сь и т.п. в единичных случаях
1165;41;3;[е^]: в[е^]тер, зд[е^]сь и т.п.
1166;41;4;[е^]: в[е^]тер, зд[е^]сь и т.п. в единичных случаях
1167;41;5;[и+е]: в[и+е]тер, зд[и+е]сь и т.п.
1168;41;6;[и+е]: в[и+е]тер, зд[и+е]сь и т.п. в единичных случаях
1169;41;7;[е]: в[е\]тер, зд[е]сь и т.п.
1170;41;8;[е]: в[е\]тер, зд[е]сь и т.п. в единичных случаях
1171;41;9;Hа месте е не из ять [и]: д[и\]сять, п[и]нь и т.п.
1172;41;10;Hа месте е не из ять [и]: д[и\]сять, п[и]нь и т.п. в единичных случаях
1173;42;1;[о^] и\или [(у+о)] на месте старого о под восходящим ударением: в[о^]ля,сел[о^], давн[о^], м[о^]й брат, с молод[о^]й жен[о^]й и т.п. и/или в[(у+о)]ля,сел[(у+о)], давн[(у+о)], м[(у+о)]й брат, с молод[(у+о)]й жен[(у+о)]й и т.п.
1174;42;2;[о^] и\или [(у+о)] на месте старого о под восходящим ударением: в[о^]ля,сел[о^], давн[о^], м[о^]й брат, с молод[о^]й жен[о^]й и т.п. и/или в[(у+о)]ля,сел[(у+о)], давн[(у+о)], м[(у+о)]й брат, с молод[(у+о)]й жен[(у+о)]й и т.п. в единичных случаях
1175;42;3;[о^] и/или [(у+о)] на месте старого о под нисходящим ударением и о из ъ: г[о^]д, р[о^]жь, м[о^]й руки, молод[о^]й парень, стол[о^]м и т.п. и/илиг[(у+о)]д, р[(у+о)]жь, м[(у+о)]й руки, молод[(у+о)]й парень, стол[(у+о)]м и т.п.
1176;42;4;[о^] и/или [(у+о)] на месте старого о под нисходящим ударением и о из ъ: г[о^]д, р[о^]жь, м[о^]й руки, молод[о^]й парень, стол[о^]м и т.п. и/илиг[(у+о)]д, р[(у+о)]жь, м[(у+о)]й руки, молод[(у+о)]й парень, стол[(у+о)]м и т.п. в единичных случаях
1177;42;5;[u] и/или [(о+у)] на месте старого о под нисходящим ударением и о из ъ: г[u]д, р[u]жь, м[u]й руки, молод[u]й парень, стол[u]м и т.п. и/или г[(о+у)]д,р[(о+у)]жь, м[(о+у)]й руки, молод[(о+у)]й парень, стол[(о+у)]м и т.п.
1178;42;6;[u] и/или [(о+у)] на месте старого о под нисходящим ударением и о из ъ: г[u]д, р[u]жь, м[u]й руки, молод[u]й парень, стол[u]м и т.п. и/или г[(о+у)]д,р[(о+у)]жь, м[(о+у)]й руки, молод[(о+у)]й парень, стол[(о+у)]м и т.п. в единичных случаях
1179;42;7;[u] и/или [(о+у)] на месте старого о под восходящим ударением: в[u]ля, сел[u], давн[u], м[u]й брат, с молод[u]й жен[u]й и т.п. и/или в[(о+у)]ля, сел[(о+у)],давн[(о+у)], м[(о+у)]й брат, с молод[(о+у)]й жен[(о+у)]й и т.п.
1180;42;8;[u] и/или [(о+у)] на месте старого о под восходящим ударением: в[u]ля, сел[u], давн[u], м[u]й брат, с молод[u]й жен[u]й и т.п. и/или в[(о+у)]ля, сел[(о+у)],давн[(о+у)], м[(о+у)]й брат, с молод[(о+у)]й жен[(о+у)]й и т.п. в единичных случаях
1181;43;1;[е]: гр[е]зь, гул[е\]ли и т.п.
1182;43;2;[е] и [а]: гр[е]зь, гул[е\]ли и т.п. и г[р'а]зь, гу[л'а\]ли и т.п.
1183;43;3;[а], единично [е]
1184;43;4;Отмечено плем[е\]нник
1185;43;5;Отмечено оп[е\]ть
1186;44;1;Первая система: [г] в сильной позиции, [к] - в слабой: дру[г]а - дру[к], сапо/[г]а - сапо[к] и т.п.
1187;44;2;Bторая система: [g] (или [н]) в сильной позиции, [х] - в слабой: дру[g]а (дру-[н]а) - дру[х], сапо[g]а (сапо[н]а) - сапо[х] и т.п.
1188;44;3;Tретья система: [г] в сильной позиции, [х] - в слабой: дру[г]а - дру[х], сапо-[г]а - сапо[х] и т.п.
1189;44;4;Отмечено (соответственно в сильной или слабой позиции)
1190;44;5;Eдинично отмечено (соответственно в сильной или слабой позиции) [g] (или [н])
1191;44;6;Eдинично отмечено (соответственно в сильной или слабой позиции) [х]
1192;44;7;Eдинично отмечено (соответственно в сильной или слабой позиции) [g] (или [н]) и [х]
1193;44;8;Eдинично отмечено (соответственно в сильной или слабой позиции) [г]
1194;44;9;Eдинично отмечено (соответственно в сильной или слабой позиции) [к]
1195;45;1;[ч']: [ч']ай, ту[ч']а и т.п.
1196;45;2;[ч']: [ч']ай, ту[ч']а и т.п. в единичных случаях
1197;45;3;[ч]: [ч]ай, ту[ч]а и т.п.
1198;45;4;[ч]: [ч]ай, ту[ч]а и т.п. в единичных случаях
1199;45;5;[ш']: [ш']ай, ту[ш']а и т.п.
1200;45;6;[ш']: [ш']ай, ту[ш']а и т.п. в единичных случаях
1201;45;7;[ц]: [ц]ай, ту[ц]а и т.п.
1202;45;8;[ц]: [ц]ай, ту[ц]а и т.п. в единичных случаях
1203;45;9;[ц']: [ц']ай, ту[ц']а и т.п.
1204;45;10;[ц']: [ц']ай, ту[ц']а и т.п. в единичных случаях
1205;46;1;[ц]: ули[ц]а, огур[ц]ы и т.п.
1206;46;2;[ц]: ули[ц]а, огур[ц]ы и т.п. в единичных случаях
1207;46;3;[ц']: ули[ц']а, огур[ц'и] и т.п.
1208;46;4;[ц']: ули[ц']а, огур[ц'и] и т.п. в единичных случаях
1209;46;5;[с]: ули[с]а, огур[с]ы и т.п.
1210;46;6;[с]: ули[с]а, огур[с]ы и т.п. в единичных случаях
1211;46;7;[ч']: ули[ч']а, огур[ч'и] и т.п.
1212;46;8;[ч']: ули[ч']а, огур[ч'и] и т.п. в единичных случаях
1213;46;9;[ч]: ули[ч]а, огур[ч]ы и т.п.
1214;46;10;[ч]: ули[ч]а, огур[ч]ы и т.п. в единичных случаях
1215;47;1;"Pазличение; [ч'] - [ц]: [ч']ай - ули[ц]а и т.п."
1216;47;2;"Pазличение; [ч] - [ц]: [ч]ай - ули[ц]а и т.п."
1217;47;3;"Pазличение; [ч'] - [ц']: [ч']ай - ули[ц']а и т.п."
1218;47;4;"Pазличение; [ц'] - [ц]: [ц']ай - ули[ц]а и т.п."
1219;47;5;"Pазличение; [ч] - [ц']: [ч]ай - ули[ц']а и т.п."
1220;47;6;Отмечено совпадение в [ц]: [ц]ай - ули[ц]а и т.п.
1221;47;7;Отмечено совпадение в [ц']: [ц']ай - ули[ц']а и т.п.
1222;47;8;Отмечено совпадение в [ч]: [ч]ай - ули[ч]а и т.п.
1223;47;9;Отмечено совпадение в [ч']: [ч']ай - ули[ч']а и т.п.
1224;48;1;[ш'ш']: я[ш'ш']ик, [ш'ш']ука и т.п.
1225;48;2;[шш]: я[шш]ик, [шш]ука и т.п.
1226;48;3;[ш'ч']: я[ш'ч']ик, [ш'ч']ука и т.п.
1227;48;4;[шч]: я[шч]ик, [шч]ука и т.п.
1228;48;5;[ш'т']: я[ш'т']ик, [ш'т']ука и т.п.
1229;48;6;[шт]: я[шт]ик, [шт]ука и т.п.
1230;48;7;[шч']: я[шч']ик, [шч']ука и т.п.
1231;49;1;[ш'ш']
1232;49;2;[шш]
1233;49;3;[ш'ч']
1234;49;4;[шч]
1235;49;5;[шт']
1236;49;6;[шт]
1237;49;7;[шч']
1238;50;1;[ш'ш']
1239;50;2;[шш]
1240;50;3;[ш'ч']
1241;50;4;[шч]
1242;50;5;[с'ч']
1243;50;6;[сч]
1244;50;7;[с'ц']
1245;50;8;[сц]
1246;50;9;[ш'т']
1247;50;10;[шч']
1248;50;11;[сч']
1249;50;12;[сц']
1250;51;1;[ш'ш']
1251;51;2;[шш]
1252;51;3;[ш'ч']
1253;51;4;[шч]
1254;51;5;[с'ч']
1255;51;6;[сч]
1256;51;7;[с'ц']
1257;51;8;[сц]
1258;51;9;[ш'т']
1259;51;10;[шч']
1260;51;11;[сч']
1261;51;12;[сц']
1262;52;1;[ж'ж']: е[ж'ж']у, во[ж'ж']и и т.п.
1263;52;2;[жж]: е[жж]у, во[жж]и и т.п.
1264;52;3;[ж'д'ж']: е[ж'д'ж']у, во[ж'д'ж']и и т.п.
1265;52;4;[ждж]: е[ждж]у, во[ждж]и и т.п.
1266;52;5;[жд']: е[жд']у, во[жд']и и т.п.[ж'д'] и/или [ж'ж']: е[ж'ж']у, во[ж'ж']и и т.п. | to be fixed
1267;52;6;[жд]: е[жд]у, во[жд]и и т.п.
1268;52;7;"Отмечена зависимость твердости или мягкости шипящих от позиции: [ж'ж'], [ж'д'ж'], [ж'д'], [жд'] перед [е], [и]; [жж], [ждж], [жд] перед [а], [о],[у]"
1269;53;1;[ж'ж']
1270;53;2;[жж]
1271;53;3;[ж'д'ж']
1272;53;4;[ждж]
1273;53;5;[ж'д'] и/или [жд']
1274;53;6;[жд]
1275;53;7;Отмечена зависимость твердости или мягкости шипящих от позиции: [ж'ж'] , [ж'д'ж'] , [ж'д'] и/или [жд'] перед [е], [и] и [жж] , [ждж] или [жд] перед [а], [о], [у]
1276;54;1;[хв] и/или [х] - [хв'] и/или [х']: [хв]артук, [хв]орма и т.п. и/или [хв]артук, [хв]орма и т.п.[х] , ко[х]та, ти[х] и т.п. - [хв']илипп, кон[хв']еты и т.п. и/или [хв']илипп, кон[хв']еты и т.п.[х']
1277;54;2;[хв] и/или [х] - [хв'] и/или [х']: [хв]артук, [хв]орма и т.п. и/или [хв]артук, [хв]орма и т.п.[х] , ко[х]та, ти[х] и т.п. - [хв']илипп, кон[хв']еты и т.п. и/или [хв']илипп, кон[хв']еты и т.п.[х'] в ед.случ.
1278;54;3;[ф] - [ф']: [хв]артук, [хв]орма и т.п. [ф] , [хв']илипп, кон[хв']еты и т.п.[ф']
1279;54;4;[ф] - [ф']: [хв]артук, [хв]орма и т.п. [ф] , [хв']илипп, кон[хв']еты и т.п.[ф'] в ед.сл.
1280;54;5;[п] - [п'] отмечено в именах собственных: [п]рося, Ники[п]ор и т.п. - [п']е..кла, [п']илипп и т.п.
1281;54;6;[п] - [п'] отмечено в словах: [п]ура, [п]уражка, [п']икус и др.
1282;54;7;B соответствии с сочетанием хв отмечено [ф]: [ф]ост, [ф]астать и т.п.
1283;55;1;B соответствии с <ф> [хв], в соответствии с <ф'> [хв']: [хв]артук, [хв]орма и т.п. , кон[хв']еты и т.п.
1284;55;2;B соответствии с <ф> [хв]: [хв]артук, [хв]орма и т.п.
1285;55;3;B соответствии с <ф'> [хв']: кон[хв']еты и т.п.
1286;55;4;B соответствии с <ф> [х], в соответствии с <ф'> [х']: [хв]артук, [хв]орма и т.п.[х] , кон[хв']еты и т.п.[х'] | to be fixed
1287;55;5;B соответствии с <ф> [х]: [хв]артук, [хв]орма и т.п.[х]
1288;55;6;B соответствии с <ф'> [х'х]: кон[хв']еты и т.п.
1289;56;1;"[в] перед звонкими, [ф] перед глухими : пра\[в]да, да[в]но\ и т.п.; тра\[ф]ка, о[ф]са\ и т.п."
1290;56;2;[в] перед звонкими
1291;56;3;[ф] перед глухими
1292;56;4;"[в] перед звонкими и перед глухими : пра\[в]да, да[в]но\ и т.п.; тра\[в]ка, о[в]са\ и т.п."
1293;56;5;"[w] перед звонкими и перед глухими : пра\[w]да, да[w]но\ и т.п.; тра\[w]ка, о[w]са\ и т.п."
1294;56;6;[w] перед звонкими
1295;56;7;[w] перед глухими
1296;56;8;"[у?] перед звонкими и перед глухими : пра\[у?]да, да[у?]но\ и т.п.; тра\[у?]ка, о[у?]са\ и т.п."
1297;56;9;[у?] перед звонкими
1298;56;10;[у?] перед глухими
1299;56;11;[х] перед глухими
1300;57;1;"[в] перед звонкими : [в]ре\мя, [в]дова\ и т.п.; [ф] перед глухими : [ф]сех, [ф]то\рник и т.п."
1301;57;2;[в] перед звонкими и перед глухими : [в]ре\мя, [в]дова\ и т.п. и [в]сех, [в]то\рник и т.п.
1302;57;3;[w] перед звонкими и перед глухими : [w]ре\мя, [w]дова\ и т.п. и [w]сех, [w]то\рник и т.п.
1303;57;4;[у?] перед звонкими и перед глухими : [у?]ре\мя, [у?]дова\ и т.п. и [у?]сех, [у?]то\рник и т.п.
1304;57;5;[у] перед звонкими и перед глухими : [у]ре\мя, [у]дова\ и т.п. и [у]сех, [у]то\рник и т.п.
1305;57;6;[в] перед звонкими
1306;57;7;[ф] перед глухими
1307;57;8;[w] перед звонкими
1308;57;9;[w] перед глухими
1309;57;10;[у?] перед звонкими
1310;57;11;[у?] перед глухими
1311;57;12;Tолько [у]дова\
1312;57;13;Tолько [у]ну\к
1313;57;14;[g] (реже [г]) перед звонкими губными и м : [g] Москве\, [g] больни\цу и т.п.
1314;57;15;[g] (реже [г]) перед звонкими негубными: [g] во\ду, [g] ри\гах и т.п.
1315;57;16;[х] перед глухими губными: [х] по\ле, [х]пере..д и т.п.
1316;57;17;[х] перед глухими негубными: [х] сат, [х] це\рковь и т.п.
1317;58;1;[ф] : столо\[ф], домо\[ф] и т.п. и гото\[ф], рука\[ф] и т.п.
1318;58;2;[в] : столо\[в], домо\[в] и т.п. и гото\[в], рука\[в] и т.п.
1319;58;3;[w] : столо\[w], домо\[w] и т.п. и гото\[w], рука\[w] и т.п.
1320;58;4;[у?] : столо\[у?], домо\[у?] и т.п. и гото\[у?], рука\[у?] и т.п.
1321;58;5;[х] : столо\[х], домо\[х], коро\[х], голо\[х] и т.п.
1322;58;6;[х] : гото\[х], рука\[х] и т.п.
1323;59;1;[в], [ф] и/или [w] и/или [у?] в соответствии с безударным у в начале слова : [в]меть, [в] отца\ (у отца), [ф]тюг и т.п. и/или [w]меть, [w] отца\, [w]тюг и т.п. и/или [у?]меть, [у?] отца\, [у?]тюг и т.п.
1324;59;2;ув, уво на месте предлогов и приставок в и у : [ув] а\рмию, [уф] три, [ува] сне\, [ува] але..ны, [ува] шли\,[ув]лезть и т.п.
1325;59;3;во на месте предлогов и приставок в и у : [во]бра\ли (убрали), [во]йди (уйди) и т.п.
1326;59;4;ув, уво на месте предлогов и приставок в и у только с формами косвенных падежей местоимения весь : [ува] всех\, [ува] все.. и т.п.
1327;60;1;Протетический [в] перед ударенными [о] и [у] : [во\]кна, [во\]сень и т.п. [ву\]тка, [ву\]чит и т.п.
1328;60;2;Протетический [в] перед ударенными [о] и [у] : [во\]кна, [во\]сень и т.п. [ву\]тка, [ву\]чит и т.п. в единичных случаях
1329;60;3;Tолько [во\]сы
1330;60;4;Tолько [во\]спа
1331;60;5;Отсутствие протетического [в] перед ударенными [о] и [у]: [о\]кна, [о\]сень ит.п., [у\]тка, [у\]чит и т.п.
1332;60;6;Отсутствие протетического [в] перед ударенными [о] и [у]: [о\]кна, [о\]сень ит.п., [у\]тка, [у\]чит и т.п. в единичных случаях
1333;61;1;"l ""среднее"" только перед гласными непереднего ряда : [l]ук, [l]ы\ко, ха[l]а\т и т.п."
1334;61;2;"l ""среднее"" перед гласными непереднего ряда : [l]ук, [l]ы\ко, ха[l]а\т, а также перед согласными и на конце слова : па\[l]ка, сто[l]б и т.п.; поше\[l], сто[l] и т.п."
1335;61;3;"У? (w) перед согласными : в старых сочетаниях редуцированного с плавным и в существительных с утраченным редуцированным перед суффиксом -ък- : во[у?]к (во[w]к), до\[у?]го (до\[w]го) и т.п.; па\[у?]ка (па\[w]ка), иго\[у?]ка (иго\[w]ка) и т.п."
1336;61;4;У? (w) перед согласными : только в старых сочетаниях редуцированного с плавным : во[у?]к (во[w]к), до\[у?]го (до\[w]го) и т.п.
1337;61;5;У? (w) на конце слова : в формах прошедшего времени глаголов, а также в формах существительных и кратких прилагательных : поше\[у?] (поше\[w]), упа\[у?] (упа\[w]), по[у?] (по[w]), ма[у?] (ма[w]) и т.п.
1338;61;6;У? (w) на конце слова : только в формах глаголов прошедшего времени : поше\[у?] (поше\[w]), упа\[у?] (упа\[w]) и т.п.
1339;62;1;[к]лев
1340;62;2;[к]орони\ть
1341;62;3;[к]оди\ть
1342;62;4;[к]у\тор
1343;63;1;Мягкие (полумягкие) звуки ш', ш., ш'/с', з' и т.д.: [ш']а\пка, [ж.]ир, [ш'/с']ум, си[з']у\ и т.п.
1344;63;2;Приведено не менее 10 примеров с мягкими (полумягкими) звуками
1345;63;3;Мягкие (полумягкие) звуки отмечены только или преимущественно перед парными мягкими согласными и [j] : сапо\[ж.н']ик, [ш'j]ет и т.п.
1346;63;4;Мягкие (полумягкие) звуки отмечены только перед парными мягкими согласными и [j] при малом количестве примеров (2 - 3)
1347;63;5;Мягкие (полумягкие) звуки отмечены только или преимущественно перед гласными переднего ряда: [ж'и]ть, [ш.е\]я и т.п.
1348;63;6;Мягкие (полумягкие) звуки отмечены только перед гласными переднего ряда при малом количестве примеров (2-3)
1349;63;7;Мягкие (полумягкие) звуки отмечены только или преимущественно перед гласными переднего ряда, парными мягкими согласными и [j]
1350;63;8;Мягкие (полумягкие) звуки отмечены только перед гласными переднего ряда, парными мягкими согласными и [j] при малом количестве примеров
1351;63;9;Мягкие шипящие отмечены только перед суффиксами -ечк-, -ичек-, -ечй- : ча\[ш']ечка, но\[ж']ичек, стару\[ш']ечья и т.п.
1352;64;1;Мягкие т, д с свистящим призвуком: [т'/с']е..тя, о[д'/з']и\н и т.п.
1353;64;2;Мягкие т, д с шипящим призвуком : [т'/ш']е..тя, о[д'/ж']и\н и т.п.
1354;64;3;Мягкие с, з с шипящим призвуком : [с'/ш']е\но, [з'/ж']има\ и т.п.
1355;64;4;Мягкие шепелявые согласные на месте ч : [ч'/ц']ай, но[ц'/ч'] и т.п.
1356;64;5;Мягкие шепелявые согласные на месте ц : [ц'/ч']е\лый, коль[ч'/ц']о\ и т.п.
1357;65;1;Полумягкие и/или твердые согласные, кроме р в соответствии с парными мягкими перед [е] и [и] : [б.е\]лый, [д.е]нь, [с.и\]ла, [п.и]ть и т.п. и/или [бе\]лый, [де]нь, [сы\]ла, [пы]ть и т.п.
1358;65;2;Полумягкие и/или твердые согласные, кроме р в соответствии с парными мягкими перед [е] : [б.е\]лый, [д.е]нь и т.п. и/или [бе\]лый, [де]нь и т.п.
1359;65;3;Полумягкие и/или твердые согласные, кроме р в соответствии с парными мягкими перед [е] : [б.е\]лый, [д.е]нь и т.п. и/или [бе\]лый, [де]нь и т.п. в единичных случаях
1360;65;4;Полумягкие и/или твердые согласные, кроме р в соответствии с парными мягкими на конце склоняемого слова : де[н.], тес[т.] и т.п. и/или де[н], тес[т]и т.п.
1361;65;5;Полумягкий и/или твердый согласный в форманте инфинитива : гуля\[т.], ходи\[т.] и т.п. и/или гуля\[т], ходи\[т] и т.п.
1362;65;6;Tвердый [р]: ку[ру\], г[ра\]зно, [ре\]зать, ста[ры\]к и т.п.
1363;65;7;Tвердый [р]: ку[ру\], г[ра\]зно, [ре\]зать, ста[ры\]к и т.п. в единичных случаях
1364;65;8;Cлучаи [р'] на месте р твердого : к[р'а\]сный, г[р'у\]бо, топо[р'о\]м и т.п.
1365;66;1;[к'] после парных мягких: ва\нь[к'а], ре\дь[к'а] и т.п.
1366;66;2;[к'] после парных мягких: ва\нь[к'а], ре\дь[к'а] и т.п. в единичных случаях
1367;66;3;[к'] после звуков, выступающих на месте этимологического ч: до\ч[к'а], де\воч[к'а] и т.п.
1368;66;4;[к'] после звуков, выступающих на месте этимологического ч: до\ч[к'а], де\воч[к'а] и т.п. в единичных случаях
1369;66;5;[к'] после j: чай[к'у\], копе\й[к'а] и т.п.
1370;66;6;[к'] после ш: ко\ш[к'а], ча\ш[к'а] и т.п.
1371;66;7;[к'] после парных твердых: ма\м[к'а], ли\д[к'а] и т.п.
1372;67;1;[г'] в словах день[г'а\]м, четверь[г'а\]м и т.п.
1373;67;2;[г'] в слове о\ль[г'а]
1374;67;3;[g'] в словах день[g'а\]м, четверь[g'а\] и т.п.
1375;67;4;[g'] в слове о\ль[g'а]
1376;67;5;[j] в слове о\ль[jа]
1377;67;6;[х']: све\[р'х'у], ве[р'х'о\]м и т.п.
1378;68;1;[т'] в исходе основы перед гласными переднего ряда после гласных или твердыхсогласных: ру\[т']и, па\л[т']и и т.п. один пример
1379;68;2;[т'] в исходе основы перед гласными переднего ряда после гласных или твердыхсогласных: ру\[т']и, па\л[т']и и т.п.два - четыре примера
1380;68;3;[т'] в исходе основы перед гласными переднего ряда после гласных или твердыхсогласных: ру\[т']и, па\л[т']и и т.п.пять и более примеров
1381;68;4;[т'] в начале или середине основы: [т']и\слый, с[т']ирда\ и т.п. один пример
1382;68;5;[т'] в начале или середине основы: [т']и\слый, с[т']ирда\ и т.п. два - три примера
1383;68;6;[т'] в начале или середине основы: [т']и\слый, с[т']ирда\ и т.п. четыре и более примеров
1384;68;7;[т'] в исходе основы после мягких согласных перед этимологическими гласными непереднего ряда: ва\нь[т']а, чай[т']у\ и т.п. один пример
1385;68;8;[т'] в исходе основы после мягких согласных перед этимологическими гласными непереднего ряда: ва\нь[т']а, чай[т']у\ и т.п. два - четыре примера
1386;68;9;[т'] в исходе основы после мягких согласных перед этимологическими гласными непереднего ряда: ва\нь[т']а, чай[т']у\ и т.п. пять и более примеров
1387;69;1;[д'] в исходе основы перед гласными переднего ряда после гласных и твердых согласных: но\[д']и, до\л[д']ие и т.п.
1388;69;2;[д'] только в начале и/или середине основы в словах [д']и\бель, мо[д']и\ла и в других исконно русских
1389;69;3;[д'] в слове [д']екта\р
1390;69;4;[д'] в слове а\н[д']ел
1391;69;5;[д'] только в начале и/или середине основы в личных именах и топонимах
1392;69;6;[д'] только в начале и/или середине основы в заимствованных словах, кроме слов [д']екта\р, а\н[д']ел, личных имен и топонимов
1393;69;7;[д'] в исходе основы после мягких согласных перед этимологическими гласными непереднего ряда в слове о\ль[д'а]
1394;69;8;[д'] в исходе основы после мягких согласных перед этимологическими гласными непереднего ряда в слове день[д'а\]ми
1395;69;9;[д'] в исходе основы после мягких согласных перед этимологическими гласными непереднего ряда в слове четве[р'д'а\]
1396;69;10;[j] в исходе основы перед гласными переднего ряда после гласных и твердых согласных: но\[j]и, сапо[j]и\ и т.п.
1397;69;11;[j] только в начале и/или середине основы в словах [j]и\бель, мо[j]и\ла и в других исконно русских
1398;69;12;[j] в слове [j]екта\р
1399;69;13;[j] в слове [j]ерма\ния
1400;69;14;[j] только в начале и/или середине основы в личных именах и топонимах
1401;69;15;[j] только в начале и/или середине основы в заимствованных словах, кроме слов [j]екта\р, [j]ерма\ния, личных имен и топонимов
1402;69;16;[j] в исходе основы после мягких согласных перед этимологическими гласными непереднего ряда в слове о\ль[jа]
1403;70;1;го\лу[п'], се[м'] и т.п.
1404;70;2;го\лу[п], се[м] и т.п.
1405;71;1;[w]: любо\[w], оста\[w] и т.п.
1406;71;2;[в]: [в]: любо\[в], оста\[в] и т.п.
1407;71;3;[ф]: любо\[ф], оста\[ф] и т.п.
1408;71;4;[х]: любо\[х], оста\[х] и т.п.
1409;71;5;[w']: любо\[w'], оста\[w'] и т.п.
1410;71;6;[в']: любо\[в'], оста\[в'] и т.п.
1411;71;7;[ф']: любо\[ф'], оста\[ф'] и т.п.
1412;71;8;[j]: любо\[j], оста\[j] и т.п.
1413;71;9;[у?]: любо\[у?], оста\[у?] и т.п.
1414;72;1;[ф]: де\[ф]ки, ла\[ф]ки и т.п.
1415;72;2;[w]: де\[w]ки, ла\[w]ки и т.п. 
1416;72;3;[в]: де\[в]ки, ла\[в]ки и т.п.
1417;72;4;[ф']: де\[ф']ки, ла\[ф']ки и т.п.
1418;72;5;[w']: де\[w']ки, ла\[w']ки и т.п.
1419;72;6;[в']: де\[в']ки, ла\[в']ки и т.п.
1420;72;7;[w]: де\[w]ки, ла\[w]ки и т.п., [w']: де\[w']ки, ла\[w']ки и т.п.
1421;72;8;[в]: де\[в]ки, ла\[в]ки и т.п., [в']: [в']: де\[в']ки, ла\[в']ки и т.п.
1422;72;9;[у?]: де\[у?]ки, ла\[у?]ки и т.п.
1423;72;10;Отмечены [п'], [м'] на месте п, б, м перед [к']: ба\[п'к']и, ла\[п'к']и, ма\[м'к']и и т.п.
1424;72;11;[х]: де\[х]ки, ла\[х]ки и т.п.
1425;72;12;[х']: де\[х']ки, ла\[х']ки и т.п.
1426;72;13;[j]: де\[j]ки, ла\[j]ки и т.п.
1427;73;1;Tолько звонкие д,б,з,ж: ду[б], са[д], во[з], но[ж] и т.п.
1428;73;2;Звонкие и глухие: ду[б], са[д], во[з], но[ж] и т.п. и ду[п], са[т], во[с], но[ш] и т.п.
1429;73;3;Отмечен звонкий задненебный: сне[г], дру[г] и т.п. или сне[g], дру[g] и т.п.
1430;74;1;Долгие мягкие н и т: первая группа говоров: только или преимущественно [н'н'], [т'т']: сви[н'н']а\, пла\[т'т']е и т.п.
1431;74;2;Долгие мягкие н и т: вторая группа говоров: средняя относительная частота примеров с [н'н'] и/или [т'т'] р-0,59(0,57<р1<0,61)
1432;74;3;Долгие мягкие н и т: вторая группа говоров: данные говоры с наибольшей вероятностью относятся ко второй группе, но, возможно, и к третьей
1433;74;4;Долгие мягкие н и т: третья группа говоров: данные говоры с наибольшей вероятностью относятся к третьей группе, но, возможно, и ко второй
1434;74;5;Долгие мягкие н и т: третья группа говоров: средняя относительная частота примеров с [н'н'] и/или [т'т'] р2-0,23 (0,21<р2<0,25)
1435;74;6;Любые долгие мягкие согласные: пла\[т'т']а, сту\[л'л']а, ру[жж]о\ и т.п.
1436;74;7;Долгие мягкие н и т: отмечено отсутствие [j] без удвоения согласных: сви[н'а\], пла\[т'е], ру[ж]о\, сту\[л'а] и т.п.
1437;74;8;Долгие мягкие н и т: отмечено отсутствие [j] без удвоения согласных: сви[н'а\], пла\[т'е], ру[ж]о\, сту\[л'а] и т.п. в единичных случаях
1438;75;1;ме\[н]ше
1439;75;2;ме\[н']ше
1440;75;3;ме[н]че
1441;75;4;ме[н']че
1442;76;1;ста\[р]ше, ста\[р]ший
1443;76;2;ста\[р']ше, ста\[р']ший
1444;77;1;[н]: со\[н]це, полоте\[н]це и т.п.
1445;77;2;[н']: со\[н']це, полоте\[н']це и т.п.
1446;78;1;[нс]к: же\[нс]кая, дереве\[нс]кие и т.п.
1447;78;2;[н'с]к: же\[н'с]кая, дереве\[н'с]кие и т.п.
1448;78;3;[н'с'к]: же\[н'с'к]ая, дереве\[н'с'к]ая и т.п.
1449;78;4;[н'с'к']: же\[н'с'к']ие, дереве\[н'с'к']ие и т.п.
1450;78;5;[нс'к]: же\[нс'к]ая, дереве\[нс'к]ая и т.п.
1451;78;6;[нс'к']: же\[нс'к']ие, дереве\[нс'к']ие и т.п.
1452;79;1;B соответствии с сочетанием [л'н] - [лн]: бо[лн]о, бо[лн]ой и т.п.
1453;79;2;B соответствии с сочетанием [л'н] - [lн]: бо[lн]]о, бо[lн]ой и т.п.
1454;79;3;B соответствии с сочетанием [л'н] - [л'н']: бо[л'н']о, бо[л'н']ой и т.п.
1455;79;4;B соответствии с сочетанием [л'н] - [л'л']: бо[л'л']о, бо[л'л']ой и т.п.
1456;79;5;B соответствии с сочетанием [л'н] - [нн]: бо[нн]о, бо[нн]ой и т.п.
1457;79;6;B соответствии с сочетанием [л'н] - [н'н']: бо[н'н']о, бо[н'н']ой и т.п.
1458;79;7;B соответствии с сочетанием [л'н] - [у?] или [wн] в единичных случаях: колоко[у?н]а или колоко[wн]а и т.п.
1459;79;8;B соответствии с сочетанием [л'ш] - [лш] или [lш]: бо[лш]е, бо[лш]ой и т.п. или бо[lш]е, бо[lш]ой и т.п.
1460;79;9;B соответствии с сочетанием [л'ш] - [у?ш] или [wш] в единичных случаях: бо[у?ш]е или бо[wш]е и т.п.
1461;80;1;[ст]: мо[ст], хво[ст] и т.п.
1462;80;2;[ст] и [с] : мо[ст], хво[ст] и т.п. и мо[с], хво[с] и т.п.
1463;80;3;[с] : мо[с], хво[с] и т.п.
1464;80;4;[с'т'] : ко[с'т'], го[с'т'] и т.п.
1465;80;5;[с'т'] и [с'] : ко[с'т'], го[с'т'] и т.п. и ко[с'], го[с'] и т.п.
1466;80;6;[с'] : ко[с'], го[с'] и т.п.
1467;81;1;B соответствии с дн - [нн] : ме\[нн]ый, [н'н']е\й и т.п.
1468;81;2;B соответствии с дн - [нн] : ме\[нн]ый, [н'н']е\й и т.п. в единичных примерах
1469;81;3;B соответствии с дн - [нн] только в слове ла\дно
1470;81;4;B соответствии с дн - [нн] только в слове сего\дня
1471;81;5;В соответствии с бм - [мм] : о[мм]а\н, о[м'м']е\н и т.п.
1472;81;6;В соответствии с бм - [дм] : о[дм]а\н, о[дм']е\н
1473;81;7;В соответствии с бм -[гм] : о[гм]а\н
1474;81;8;В соответствии с бм - [gм] : о[gм]а\н
1475;82;1;[мн]ук
1476;82;2;ра[мн]о\
1477;82;3;дере\[мн]я
1478;82;4;да[мн]о\
1479;82;5;[мн] в соответствии с вн не в словах внук, равно\, дере\вня, давно\
1480;84;1;яи\чница
1481;84;2;яи\шница
1482;84;3;мучно\й
1483;84;4;мушно\й
1484;85;1;пшени\сный
1485;85;2;моло\сный
1486;85;3;яи\сница
1487;85;4;я\сневый, я\сный
1488;85;5;все\носная
1489;85;6;га\сник
1490;85;7;горчи\сник
1491;85;8;двойни\сный
1492;85;9;деви\сник
1493;85;10;единоли\сный
1494;85;11;желу\досный
1495;85;12;коне\сно
1496;85;13;кума\сный
1497;85;14;мусно\й
1498;85;15;наро\сно
1499;85;16;носно\й
1500;85;17;пра\чесная
1501;85;18;подсо\лнесный
1502;85;19;нару\сник
1503;85;20;(на)столе\сник
1504;85;21;ску\сно
1505;85;22;сли\восный
1506;85;23;скворе\сник
1507;85;24;су\тосный
1508;85;25;су\мрасный
1509;85;26;таба\сный
1510;86;1;[шт'о]
1511;86;2;[шч'о]
1512;86;3;[ш'ш'о]
1513;86;4;[шчо]
1514;86;5;[шшо]
1515;86;6;[ч'о, ц'о]
1516;86;7;[ш'о]
1517;86;8;[чо, цо]
1518;86;9;[шо]
1519;87;1;[g] перед [г], [б], [д]: [g] городу, [g] бабе, [g] дому и т.п.
1520;87;2;[g] перед [г]: [g] городу, [g] гусю и т.п.
1521;87;3;[g] перед [б]: [g] бабе, [g] быку и т.п.
1522;87;4;[g] перед [д]: [g] дому, [g] дубу и т.п.
1523;87;5;[д], [т] перед [г]: [д] городу, [т] городу, [д] гусю и т.п.
1524;87;6;[д] перед [д]: [д] дому, [д] дубу и т.п.
1525;87;7;[х] перед фрикативными и/или сонорными согласными и/или гласными: [х] себе и/или [х] нам и/или [х] одной и т.п.
1526;88;1;[х] перед [к],[п],[т]: [х] кому,[х] попу, [х] тому и т.п.
1527;88;2;[х] перед [к]: [х] кому, [х] козе и т.п.
1528;88;3;[х] перед [п]: [х] попу, [х] парню и т.п.
1529;88;4;[х] перед [т]: [х] тому, [х] товарищу и т.п.
1530;88;5;[т] перед [к]: [т] кому, [т] козе и т.п.
1531;88;6;[т] перед [п]: [т] попу, [т] парню и т.п.
1532;88;7;[ф] перед [к]: [ф] кому, [ф] козе и т.п.
1533;88;8;[ф] перед [п]: [ф] попу, [ф] парню и т.п.
1534;88;9;[ф] перед [т]: [ф] тому, [ф] товарищу и т.п.
1535;88;10;[х] перед фрикативными и/или сонорными согласными и/или гласными: [х] себе и/или [х] нам и/или [х] одной и т.п.
1536;89;1;ко[гд]а, то[гд]а
1537;89;2;ко[gд]а, то[gд]а
1538;89;3;ко[д]а, то[д]а[д]
1539;89;4;ко[лд]а, то[лд]а
1540;89;5;ко[вд]а, то[вд]а
1541;89;6;ко[у?д]а, то[у?д]а
1542;90;1;[г]де
1543;90;2;[г]де зафиксировано только при отрицании
1544;90;3;[g]де, [н]де
1545;90;4;[g]де, [н]де зафиксировано только при отрицании
1546;90;5;де
1547;90;6;[и]де , [й]де
1548;90;7;[иg]де, [ин]де
1549;90;8;[иг]де
1550;91;1;ве\рех
1551;91;2;вере..х
1552;91;3;се\реп
1553;91;4;сере..п
1554;92;1;кором
1555;92;2;коро\м
1556;92;3;сто\лоб
1557;92;4;столо\б
1558;92;5;го\роб
1559;92;6;горо\б
1560;92;7;"Отмечено полногласное сочетание в словах с корнем долг-, долж-: доложно\, до\ложность, до\лог (""долг"") и др."
